request_id,concept_id,shared_day_count,pearson_r,spearman_r,mae,rmse,zero_agreement,peak_value_agreement,peak_date_agreement,peak_date_displacement_days,suppression_agreement
02f5e4a10c489d02e3b05938b2fd87219f991ba220223f57d11c0e87bfe808b9,FEMA,60,,,0.0,0.0,1.0,True,True,0,True
02f5e4a10c489d02e3b05938b2fd87219f991ba220223f57d11c0e87bfe808b9,emergency,60,0.6225267582870349,0.615285141788108,0.16666666666666666,0.408248290463863,1.0,True,True,0,True
02f5e4a10c489d02e3b05938b2fd87219f991ba220223f57d11c0e87bfe808b9,evacuation,60,1.0000000000000002,1.0,0.0,0.0,1.0,True,True,0,True
02f5e4a10c489d02e3b05938b2fd87219f991ba220223f57d11c0e87bfe808b9,shelter,60,0.2982456140350877,0.2982456140350877,0.06666666666666667,0.2581988897471611,0.9333333333333333,True,True,0,False
02f5e4a10c489d02e3b05938b2fd87219f991ba220223f57d11c0e87bfe808b9,weather,60,0.99601614437221,0.996562433881859,1.2833333333333334,2.254624876411447,1.0,True,True,0,True
05165d7b4bd08df2ce76607c108e68317ef358c9404e8ba4b7abc2248bc19f4e,cleanup,60,,,0.0,0.0,1.0,True,True,0,True
05165d7b4bd08df2ce76607c108e68317ef358c9404e8ba4b7abc2248bc19f4e,insurance,60,0.9858995929839228,0.9375201206917726,0.4,0.6324555320336759,1.0,False,True,0,True
05165d7b4bd08df2ce76607c108e68317ef358c9404e8ba4b7abc2248bc19f4e,mold,60,0.567480306535024,0.5674803065350239,0.03333333333333333,0.18257418583505536,1.0,True,True,0,True
05165d7b4bd08df2ce76607c108e68317ef358c9404e8ba4b7abc2248bc19f4e,water damage,60,,,0.0,0.0,1.0,True,True,0,True
05165d7b4bd08df2ce76607c108e68317ef358c9404e8ba4b7abc2248bc19f4e,weather,60,0.991260576333881,0.9794506267901076,2.45,2.9068883707497264,1.0,True,True,0,True
059abd04c87434403f4c71df73d102b48b021a460b9cb7f17902b947763b1100,cleanup,60,,,0.0,0.0,1.0,True,True,0,True
059abd04c87434403f4c71df73d102b48b021a460b9cb7f17902b947763b1100,insurance,60,0.9869185476371113,0.9307242414480492,0.2833333333333333,0.5322906474223771,1.0,False,False,49,True
059abd04c87434403f4c71df73d102b48b021a460b9cb7f17902b947763b1100,mold,60,0.9999999999999998,0.9999999999999999,0.0,0.0,1.0,True,True,0,True
059abd04c87434403f4c71df73d102b48b021a460b9cb7f17902b947763b1100,water damage,60,,,0.0,0.0,1.0,True,True,0,True
059abd04c87434403f4c71df73d102b48b021a460b9cb7f17902b947763b1100,weather,60,0.9805248851149908,0.9790502218858875,2.05,2.6987651497181693,1.0,True,True,0,True
05a7cf4d21d4e7d0be70328e36d1dbf210245bd189ca12be16cd95965032f4e1,outage,60,0.9703167288043215,0.8494410414075366,0.1,0.31622776601683794,0.9166666666666666,True,False,1,False
05a7cf4d21d4e7d0be70328e36d1dbf210245bd189ca12be16cd95965032f4e1,road closed,60,,,0.0,0.0,1.0,True,True,0,True
05a7cf4d21d4e7d0be70328e36d1dbf210245bd189ca12be16cd95965032f4e1,school closed,60,1.0000000000000002,1.0,0.0,0.0,1.0,True,True,0,True
05a7cf4d21d4e7d0be70328e36d1dbf210245bd189ca12be16cd95965032f4e1,traffic,60,0.8977874951152112,0.6555420507106925,0.25,0.5,0.75,True,True,0,False
05a7cf4d21d4e7d0be70328e36d1dbf210245bd189ca12be16cd95965032f4e1,weather,60,0.9974223108259695,0.995458020931954,0.6333333333333333,1.224744871391589,1.0,True,True,0,True
09261991312bd5bbf1764a12794dbadfd224542cd2db235d6c144b76fe5f4dd8,cleanup,60,,,0.0,0.0,1.0,True,True,0,True
09261991312bd5bbf1764a12794dbadfd224542cd2db235d6c144b76fe5f4dd8,insurance,60,0.990852881822357,0.976394197258683,0.08333333333333333,0.28867513459481287,1.0,False,False,58,True
09261991312bd5bbf1764a12794dbadfd224542cd2db235d6c144b76fe5f4dd8,mold,60,0.6772817673185192,0.6644354696742836,0.08333333333333333,0.28867513459481287,0.9166666666666666,True,True,0,False
09261991312bd5bbf1764a12794dbadfd224542cd2db235d6c144b76fe5f4dd8,water damage,60,,,0.0,0.0,1.0,True,True,0,True
09261991312bd5bbf1764a12794dbadfd224542cd2db235d6c144b76fe5f4dd8,weather,60,0.9948883105818725,0.9985931547878127,1.4,1.9578900207451218,1.0,True,True,0,True
0a5b245442c63016f23a8a9c888f5e9bec35524f566e72770558511631d5391e,cleanup,60,,,0.0,0.0,1.0,True,True,0,True
0a5b245442c63016f23a8a9c888f5e9bec35524f566e72770558511631d5391e,insurance,60,0.9800354205697569,0.9509489228439313,0.2,0.4472135954999579,1.0,True,True,0,True
0a5b245442c63016f23a8a9c888f5e9bec35524f566e72770558511631d5391e,mold,60,-0.01694915254237288,-0.01694915254237288,0.03333333333333333,0.18257418583505536,0.9666666666666667,True,True,0,False
0a5b245442c63016f23a8a9c888f5e9bec35524f566e72770558511631d5391e,water damage,60,,,0.0,0.0,1.0,True,True,0,True
0a5b245442c63016f23a8a9c888f5e9bec35524f566e72770558511631d5391e,weather,60,0.9992990425298819,0.9956207050609004,0.5333333333333333,0.8563488385776752,1.0,True,True,0,True
0b381eb24501417f3ea4e8ec7b180b66777876f9510c64b62b6f955e84df5c77,FEMA,60,,,0.0,0.0,1.0,True,True,0,True
0b381eb24501417f3ea4e8ec7b180b66777876f9510c64b62b6f955e84df5c77,emergency,60,0.36735282343519987,0.36735282343519987,0.4166666666666667,0.6454972243679028,1.0,True,False,5,True
0b381eb24501417f3ea4e8ec7b180b66777876f9510c64b62b6f955e84df5c77,evacuation,60,,,0.0,0.0,1.0,True,True,0,True
0b381eb24501417f3ea4e8ec7b180b66777876f9510c64b62b6f955e84df5c77,shelter,60,0.4952605565436486,0.49526055654364864,0.23333333333333334,0.48304589153964794,1.0,True,True,0,True
0b381eb24501417f3ea4e8ec7b180b66777876f9510c64b62b6f955e84df5c77,weather,60,0.9967279294698173,0.9892919672338362,3.1333333333333333,3.478505426185217,1.0,True,True,0,True
0babc77c891ff8497b8dd9fce96032ade609559eef9aa64d06be4e91c570d18f,FEMA,60,,,0.0,0.0,1.0,True,True,0,True
0babc77c891ff8497b8dd9fce96032ade609559eef9aa64d06be4e91c570d18f,emergency,60,,,0.06666666666666667,0.2581988897471611,1.0,False,False,4,True
0babc77c891ff8497b8dd9fce96032ade609559eef9aa64d06be4e91c570d18f,evacuation,60,,,0.0,0.0,1.0,True,True,0,True
0babc77c891ff8497b8dd9fce96032ade609559eef9aa64d06be4e91c570d18f,shelter,60,0.7439679913094536,0.7439679913094536,0.13333333333333333,0.3651483716701107,1.0,True,False,1,True
0babc77c891ff8497b8dd9fce96032ade609559eef9aa64d06be4e91c570d18f,weather,60,0.9937106047774946,0.9829633754916499,1.5,1.906130460732773,1.0,True,True,0,True
0c737e0e24234147962be0405efd335fe726f2d41fbb35a39036fa26fbcff698,cleanup,60,,,0.016666666666666666,0.12909944487358055,0.9833333333333333,False,False,44,False
0c737e0e24234147962be0405efd335fe726f2d41fbb35a39036fa26fbcff698,insurance,60,0.9827842837251303,0.9782666669456409,0.11666666666666667,0.3415650255319866,1.0,False,False,23,True
0c737e0e24234147962be0405efd335fe726f2d41fbb35a39036fa26fbcff698,mold,60,0.2075143391598224,0.20751433915982237,0.1,0.31622776601683794,0.9,True,True,0,False
0c737e0e24234147962be0405efd335fe726f2d41fbb35a39036fa26fbcff698,water damage,60,,,0.0,0.0,1.0,True,True,0,True
0c737e0e24234147962be0405efd335fe726f2d41fbb35a39036fa26fbcff698,weather,60,0.9867755577010872,0.9939074648472693,1.0166666666666666,2.5199206336708304,1.0,True,True,0,True
0caf1c0892fc4759d9ed8212ea64631c6234b3d62935444405fdcd07ad23bcb5,FEMA assistance,60,,,0.0,0.0,1.0,True,True,0,True
0caf1c0892fc4759d9ed8212ea64631c6234b3d62935444405fdcd07ad23bcb5,flood cleanup,60,,,0.0,0.0,1.0,True,True,0,True
0caf1c0892fc4759d9ed8212ea64631c6234b3d62935444405fdcd07ad23bcb5,flood insurance,60,,,0.0,0.0,1.0,True,True,0,True
0caf1c0892fc4759d9ed8212ea64631c6234b3d62935444405fdcd07ad23bcb5,water removal,60,,,0.0,0.0,1.0,True,True,0,True
0caf1c0892fc4759d9ed8212ea64631c6234b3d62935444405fdcd07ad23bcb5,weather,60,0.9917541117247666,0.9848505949403533,1.55,2.0371548787463363,1.0,True,True,0,True
0f60434ab24ce3db16de8c771cf20b9e5347283c51ea7f276272523b22b81e64,cleanup,60,-0.01694915254237288,-0.01694915254237288,0.03333333333333333,0.18257418583505536,0.9666666666666667,True,False,50,False
0f60434ab24ce3db16de8c771cf20b9e5347283c51ea7f276272523b22b81e64,insurance,60,0.9937892624039423,0.9722220091284683,0.31666666666666665,0.5916079783099616,1.0,True,True,0,True
0f60434ab24ce3db16de8c771cf20b9e5347283c51ea7f276272523b22b81e64,mold,60,0.28209146888372244,0.325195403029818,0.45,0.7187952884282609,0.9666666666666667,True,True,0,False
0f60434ab24ce3db16de8c771cf20b9e5347283c51ea7f276272523b22b81e64,water damage,60,,,0.016666666666666666,0.12909944487358055,0.9833333333333333,False,False,28,False
0f60434ab24ce3db16de8c771cf20b9e5347283c51ea7f276272523b22b81e64,weather,60,0.9983801113420737,0.9961285666078555,0.4,0.6831300510639732,1.0,True,True,0,True
0f6eaf3ad6adac5d6cd9b6326869d0fe68e2c16fbae85feda13fc72cd6c29ec8,flash flood,60,0.6204822499783659,0.4913087250811804,0.05,0.22360679774997896,0.9666666666666667,False,True,0,False
0f6eaf3ad6adac5d6cd9b6326869d0fe68e2c16fbae85feda13fc72cd6c29ec8,flood,60,0.6008752574062528,0.5386567394687345,0.48333333333333334,0.7187952884282609,0.6833333333333333,True,True,0,False
0f6eaf3ad6adac5d6cd9b6326869d0fe68e2c16fbae85feda13fc72cd6c29ec8,flooding,60,0.9151662342782391,0.8425397337736027,0.11666666666666667,0.3415650255319866,0.9333333333333333,True,True,0,False
0f6eaf3ad6adac5d6cd9b6326869d0fe68e2c16fbae85feda13fc72cd6c29ec8,heavy rain,60,,,0.0,0.0,1.0,True,True,0,True
0f6eaf3ad6adac5d6cd9b6326869d0fe68e2c16fbae85feda13fc72cd6c29ec8,weather,60,0.9981978769903148,0.9968662540362894,0.4166666666666667,0.695221787153807,1.0,True,True,0,True
113aaef9ec1705ed267142184396c4d4b8fd6bcd6de573f1045578ccbd734fb0,FEMA,60,0.911111111111111,0.9111111111111111,0.03333333333333333,0.18257418583505536,0.9666666666666667,True,True,0,False
113aaef9ec1705ed267142184396c4d4b8fd6bcd6de573f1045578ccbd734fb0,emergency,60,0.9782443823814408,0.8269009859463247,0.11666666666666667,0.3415650255319866,1.0,True,True,0,True
113aaef9ec1705ed267142184396c4d4b8fd6bcd6de573f1045578ccbd734fb0,evacuation,60,1.0000000000000002,1.0,0.0,0.0,1.0,True,True,0,True
113aaef9ec1705ed267142184396c4d4b8fd6bcd6de573f1045578ccbd734fb0,shelter,60,,,0.0,0.0,1.0,True,True,0,True
113aaef9ec1705ed267142184396c4d4b8fd6bcd6de573f1045578ccbd734fb0,weather,60,0.9962416708271465,0.9957584695401812,1.6,2.16794833886788,1.0,True,False,1,True
1165ed50bfcdf5d4d57c89ac8f0147a5e6b1c27ea22897cb3cf27ea2c8c06a57,cleanup,60,,,0.0,0.0,1.0,True,True,0,True
1165ed50bfcdf5d4d57c89ac8f0147a5e6b1c27ea22897cb3cf27ea2c8c06a57,insurance,60,0.887264671725155,0.9224985006009502,0.45,0.806225774829855,0.9666666666666667,True,False,19,False
1165ed50bfcdf5d4d57c89ac8f0147a5e6b1c27ea22897cb3cf27ea2c8c06a57,mold,60,0.22773208621741461,0.16182916442938572,0.5333333333333333,0.983192080250175,0.7,False,False,31,False
1165ed50bfcdf5d4d57c89ac8f0147a5e6b1c27ea22897cb3cf27ea2c8c06a57,water damage,60,,,0.0,0.0,1.0,True,True,0,True
1165ed50bfcdf5d4d57c89ac8f0147a5e6b1c27ea22897cb3cf27ea2c8c06a57,weather,60,0.9983869056403221,0.9975514430289454,0.48333333333333334,0.7416198487095663,1.0,True,True,0,True
1620872e014e7ce7397c3dab06f245fd1ec9cdab43b5ff1c1bcd84a01a0955d4,cleanup,60,,,0.0,0.0,1.0,True,True,0,True
1620872e014e7ce7397c3dab06f245fd1ec9cdab43b5ff1c1bcd84a01a0955d4,insurance,60,0.9969975355420279,0.9981845319004642,0.016666666666666666,0.12909944487358055,1.0,True,True,0,True
1620872e014e7ce7397c3dab06f245fd1ec9cdab43b5ff1c1bcd84a01a0955d4,mold,60,,,0.0,0.0,1.0,True,True,0,True
1620872e014e7ce7397c3dab06f245fd1ec9cdab43b5ff1c1bcd84a01a0955d4,water damage,60,,,0.0,0.0,1.0,True,True,0,True
1620872e014e7ce7397c3dab06f245fd1ec9cdab43b5ff1c1bcd84a01a0955d4,weather,60,0.9978386781906582,0.9940121813676479,0.7,0.9660917830792959,1.0,True,True,0,True
19583e2c8287d54e0ab842b47bf3121dd2b22b1e4e9e3c80dcbd68fc713e510a,flash flood,60,0.9999999999999999,1.0,0.0,0.0,1.0,True,True,0,True
19583e2c8287d54e0ab842b47bf3121dd2b22b1e4e9e3c80dcbd68fc713e510a,flood,60,0.792668362098032,0.7154985216526684,0.15,0.3872983346207417,0.85,True,True,0,False
19583e2c8287d54e0ab842b47bf3121dd2b22b1e4e9e3c80dcbd68fc713e510a,flooding,60,0.7010887416930995,0.7010887416930995,0.016666666666666666,0.12909944487358055,0.9833333333333333,True,True,0,False
19583e2c8287d54e0ab842b47bf3121dd2b22b1e4e9e3c80dcbd68fc713e510a,heavy rain,60,,,0.016666666666666666,0.12909944487358055,0.9833333333333333,False,False,35,False
19583e2c8287d54e0ab842b47bf3121dd2b22b1e4e9e3c80dcbd68fc713e510a,weather,60,0.997174121603579,0.99821865937017,2.4833333333333334,2.735568192045911,1.0,True,False,9,True
19dc571c317fde503447c00e243abeee4ea77d8003f759d5c2d0fd82f27f4478,flash flood,60,,,0.0,0.0,1.0,True,True,0,True
19dc571c317fde503447c00e243abeee4ea77d8003f759d5c2d0fd82f27f4478,flood,60,0.6965389484642245,0.6844100846473816,0.11666666666666667,0.3415650255319866,0.8833333333333333,True,True,0,False
19dc571c317fde503447c00e243abeee4ea77d8003f759d5c2d0fd82f27f4478,flooding,60,1.0000000000000002,1.0,0.0,0.0,1.0,True,True,0,True
19dc571c317fde503447c00e243abeee4ea77d8003f759d5c2d0fd82f27f4478,heavy rain,60,,,0.0,0.0,1.0,True,True,0,True
19dc571c317fde503447c00e243abeee4ea77d8003f759d5c2d0fd82f27f4478,weather,60,0.9809076709785236,0.9774416243820214,2.1666666666666665,2.7386127875258306,1.0,True,True,0,True
1b5028de968ac7816a1a01e6a6fed21edc69b3ec1ecc11fd1879d694ae416530,FEMA assistance,60,,,0.0,0.0,1.0,True,True,0,True
1b5028de968ac7816a1a01e6a6fed21edc69b3ec1ecc11fd1879d694ae416530,flood cleanup,60,,,0.0,0.0,1.0,True,True,0,True
1b5028de968ac7816a1a01e6a6fed21edc69b3ec1ecc11fd1879d694ae416530,flood insurance,60,,,0.0,0.0,1.0,True,True,0,True
1b5028de968ac7816a1a01e6a6fed21edc69b3ec1ecc11fd1879d694ae416530,water removal,60,,,0.0,0.0,1.0,True,True,0,True
1b5028de968ac7816a1a01e6a6fed21edc69b3ec1ecc11fd1879d694ae416530,weather,60,0.991260576333881,0.9794506267901076,2.45,2.9068883707497264,1.0,True,True,0,True
1b9c26546aeb78ad29a31b94dda11f8267ba7c22811a2a4c19e28c8a94aebe58,flash flood,60,,,0.0,0.0,1.0,True,True,0,True
1b9c26546aeb78ad29a31b94dda11f8267ba7c22811a2a4c19e28c8a94aebe58,flood,60,0.29870129870129863,0.2987012987012987,0.25,0.5,0.75,True,True,0,False
1b9c26546aeb78ad29a31b94dda11f8267ba7c22811a2a4c19e28c8a94aebe58,flooding,60,1.0,1.0,0.0,0.0,1.0,True,True,0,True
1b9c26546aeb78ad29a31b94dda11f8267ba7c22811a2a4c19e28c8a94aebe58,heavy rain,60,,,0.0,0.0,1.0,True,True,0,True
1b9c26546aeb78ad29a31b94dda11f8267ba7c22811a2a4c19e28c8a94aebe58,weather,60,0.9947359977288536,0.9979245117012163,1.6166666666666667,2.164101045083924,1.0,True,True,0,True
1c80329752287551c5485bb2b3b08ac3e90e76ebda5665717d87daaaab910c06,outage,60,0.9839241864318531,0.8724684558034694,0.05,0.22360679774997896,1.0,True,True,0,True
1c80329752287551c5485bb2b3b08ac3e90e76ebda5665717d87daaaab910c06,road closed,60,,,0.0,0.0,1.0,True,True,0,True
1c80329752287551c5485bb2b3b08ac3e90e76ebda5665717d87daaaab910c06,school closed,60,0.9999999999999999,1.0,0.0,0.0,1.0,True,True,0,True
1c80329752287551c5485bb2b3b08ac3e90e76ebda5665717d87daaaab910c06,traffic,60,0.9020385621721737,0.8984447012212053,0.03333333333333333,0.18257418583505536,1.0,True,True,0,True
1c80329752287551c5485bb2b3b08ac3e90e76ebda5665717d87daaaab910c06,weather,60,0.994830092193092,0.9924872797016768,1.6,2.008316044185609,1.0,True,True,0,True
1d2fa8400268ab86eb2821e76ba5255ee76538d65dae00d249a43d22130ef474,outage,60,0.9989816128983978,0.8894697918443389,0.2,0.4472135954999579,1.0,False,True,0,True
1d2fa8400268ab86eb2821e76ba5255ee76538d65dae00d249a43d22130ef474,road closed,60,,,0.0,0.0,1.0,True,True,0,True
1d2fa8400268ab86eb2821e76ba5255ee76538d65dae00d249a43d22130ef474,school closed,60,-0.01694915254237288,-0.01694915254237288,0.03333333333333333,0.18257418583505536,0.9666666666666667,True,False,1,False
1d2fa8400268ab86eb2821e76ba5255ee76538d65dae00d249a43d22130ef474,traffic,60,0.5631915597622725,0.5410773236601935,0.2833333333333333,0.5322906474223771,1.0,True,False,22,True
1d2fa8400268ab86eb2821e76ba5255ee76538d65dae00d249a43d22130ef474,weather,60,0.9965600892659864,0.9958786436055963,1.35,1.5652475842498528,1.0,True,True,0,True
1d557847061bbf433b9cdba87a652c1afc21a304bcf3624af0398a51675a7292,FEMA assistance,60,,,0.0,0.0,1.0,True,True,0,True
1d557847061bbf433b9cdba87a652c1afc21a304bcf3624af0398a51675a7292,flood cleanup,60,,,0.0,0.0,1.0,True,True,0,True
1d557847061bbf433b9cdba87a652c1afc21a304bcf3624af0398a51675a7292,flood insurance,60,,,0.0,0.0,1.0,True,True,0,True
1d557847061bbf433b9cdba87a652c1afc21a304bcf3624af0398a51675a7292,water removal,60,,,0.0,0.0,1.0,True,True,0,True
1d557847061bbf433b9cdba87a652c1afc21a304bcf3624af0398a51675a7292,weather,60,0.994830092193092,0.9924872797016768,1.6,2.008316044185609,1.0,True,True,0,True
1ec667b078bcbdb1cb17e4e08dd1d3f376af06e8cb4c3639ec4e7364db05189a,cleanup,60,,,0.0,0.0,1.0,True,True,0,True
1ec667b078bcbdb1cb17e4e08dd1d3f376af06e8cb4c3639ec4e7364db05189a,insurance,60,0.9362815151768944,0.9024500841264931,0.35,0.6454972243679028,1.0,False,False,43,True
1ec667b078bcbdb1cb17e4e08dd1d3f376af06e8cb4c3639ec4e7364db05189a,mold,60,,,0.0,0.0,1.0,True,True,0,True
1ec667b078bcbdb1cb17e4e08dd1d3f376af06e8cb4c3639ec4e7364db05189a,water damage,60,,,0.0,0.0,1.0,True,True,0,True
1ec667b078bcbdb1cb17e4e08dd1d3f376af06e8cb4c3639ec4e7364db05189a,weather,60,0.9937106047774946,0.9829633754916499,1.5,1.906130460732773,1.0,True,True,0,True
1fd2b590aeb7b28f0dd4b1d9d0a678a8ff94ba7e3748736cb4202c344353d6c1,FEMA assistance,60,,,0.0,0.0,1.0,True,True,0,True
1fd2b590aeb7b28f0dd4b1d9d0a678a8ff94ba7e3748736cb4202c344353d6c1,flood cleanup,60,,,0.0,0.0,1.0,True,True,0,True
1fd2b590aeb7b28f0dd4b1d9d0a678a8ff94ba7e3748736cb4202c344353d6c1,flood insurance,60,,,0.0,0.0,1.0,True,True,0,True
1fd2b590aeb7b28f0dd4b1d9d0a678a8ff94ba7e3748736cb4202c344353d6c1,water removal,60,,,0.0,0.0,1.0,True,True,0,True
1fd2b590aeb7b28f0dd4b1d9d0a678a8ff94ba7e3748736cb4202c344353d6c1,weather,60,0.9985671713523105,0.9968785282049082,1.7166666666666666,1.9017535767461216,1.0,True,True,0,True
21018cb8c83db1b22630b0f056b85549399748137d481efeed8d9e539187a278,flash flood,60,1.0000000000000002,0.9999999999999999,0.0,0.0,1.0,True,True,0,True
21018cb8c83db1b22630b0f056b85549399748137d481efeed8d9e539187a278,flood,60,0.9024615367563567,0.8802241687346809,0.1,0.31622776601683794,0.9166666666666666,True,True,0,False
21018cb8c83db1b22630b0f056b85549399748137d481efeed8d9e539187a278,flooding,60,0.8498365855987974,0.8498365855987976,0.03333333333333333,0.18257418583505536,0.9666666666666667,True,True,0,False
21018cb8c83db1b22630b0f056b85549399748137d481efeed8d9e539187a278,heavy rain,60,,,0.0,0.0,1.0,True,True,0,True
21018cb8c83db1b22630b0f056b85549399748137d481efeed8d9e539187a278,weather,60,0.9949974710286335,0.9868998131368412,2.283333333333333,2.7778888866667555,1.0,True,True,0,True
214ed890a8809e78099a2d2501378fd7a9fb92cb35794f1a40f9dff828a543f2,FEMA,60,0.6435643564356436,0.6999520307003517,0.16666666666666666,0.5477225575051661,0.9333333333333333,True,True,0,False
214ed890a8809e78099a2d2501378fd7a9fb92cb35794f1a40f9dff828a543f2,emergency,60,0.8990928476154635,0.5830916506496111,0.45,0.8850612031567836,0.7666666666666667,False,True,0,False
214ed890a8809e78099a2d2501378fd7a9fb92cb35794f1a40f9dff828a543f2,evacuation,60,1.0000000000000002,1.0,0.0,0.0,1.0,True,True,0,True
214ed890a8809e78099a2d2501378fd7a9fb92cb35794f1a40f9dff828a543f2,shelter,60,,,0.11666666666666667,0.4281744192888376,0.9166666666666666,False,False,27,False
214ed890a8809e78099a2d2501378fd7a9fb92cb35794f1a40f9dff828a543f2,weather,60,0.9983869056403221,0.9975514430289454,0.48333333333333334,0.7416198487095663,1.0,True,True,0,True
24470d3b4e117332093b07a0f6f404af576cb3f57e3852ce1e0081d69b140f8d,flash flood,60,0.9915603654610611,0.999777084262149,0.016666666666666666,0.12909944487358055,1.0,True,True,0,True
24470d3b4e117332093b07a0f6f404af576cb3f57e3852ce1e0081d69b140f8d,flood,60,0.9664200869217443,0.7605961413807654,0.16666666666666666,0.408248290463863,0.85,False,True,0,False
24470d3b4e117332093b07a0f6f404af576cb3f57e3852ce1e0081d69b140f8d,flooding,60,0.9762589822790079,0.9989889922003734,0.016666666666666666,0.12909944487358055,1.0,True,True,0,True
24470d3b4e117332093b07a0f6f404af576cb3f57e3852ce1e0081d69b140f8d,heavy rain,60,,,0.0,0.0,1.0,True,True,0,True
24470d3b4e117332093b07a0f6f404af576cb3f57e3852ce1e0081d69b140f8d,weather,60,0.99601523734963,0.987533929196472,1.4,1.879716290649558,1.0,True,True,0,True
25cd86846af26649a08d79e4c23e758b5eecbf55f876f1099bd9284a985970ca,FEMA assistance,60,,,0.0,0.0,1.0,True,True,0,True
25cd86846af26649a08d79e4c23e758b5eecbf55f876f1099bd9284a985970ca,flood cleanup,60,,,0.0,0.0,1.0,True,True,0,True
25cd86846af26649a08d79e4c23e758b5eecbf55f876f1099bd9284a985970ca,flood insurance,60,,,0.0,0.0,1.0,True,True,0,True
25cd86846af26649a08d79e4c23e758b5eecbf55f876f1099bd9284a985970ca,water removal,60,,,0.0,0.0,1.0,True,True,0,True
25cd86846af26649a08d79e4c23e758b5eecbf55f876f1099bd9284a985970ca,weather,60,0.994536310131623,0.9932378892541277,1.65,2.0124611797498106,1.0,True,True,0,True
27d472fc01aab03bdf84306d55c712dee2f963722dc524fab8164d9cae8bf7cc,cleanup,60,,,0.0,0.0,1.0,True,True,0,True
27d472fc01aab03bdf84306d55c712dee2f963722dc524fab8164d9cae8bf7cc,insurance,60,0.9626512745670984,0.9604488261569708,0.2833333333333333,0.5322906474223771,1.0,True,False,35,True
27d472fc01aab03bdf84306d55c712dee2f963722dc524fab8164d9cae8bf7cc,mold,60,0.2698725506127432,0.26749130667379734,0.36666666666666664,0.6055300708194983,0.6666666666666666,False,False,38,False
27d472fc01aab03bdf84306d55c712dee2f963722dc524fab8164d9cae8bf7cc,water damage,60,,,0.016666666666666666,0.12909944487358055,0.9833333333333333,False,False,8,False
27d472fc01aab03bdf84306d55c712dee2f963722dc524fab8164d9cae8bf7cc,weather,60,0.9990560619869441,0.9975654006570783,0.6333333333333333,0.983192080250175,1.0,True,True,0,True
28577e7c5b00e632dbcba7093bec1fa73f5e7c6dcc033b5c59361ca292474177,flash flood,60,0.9717749461253299,0.8983213332723953,0.016666666666666666,0.12909944487358055,0.9833333333333333,True,True,0,False
28577e7c5b00e632dbcba7093bec1fa73f5e7c6dcc033b5c59361ca292474177,flood,60,0.9526323217007693,0.8992122507010815,0.06666666666666667,0.2581988897471611,0.95,True,True,0,False
28577e7c5b00e632dbcba7093bec1fa73f5e7c6dcc033b5c59361ca292474177,flooding,60,0.9903746705900567,0.9389040267349067,0.03333333333333333,0.18257418583505536,0.9833333333333333,True,True,0,False
28577e7c5b00e632dbcba7093bec1fa73f5e7c6dcc033b5c59361ca292474177,heavy rain,60,,,0.0,0.0,1.0,True,True,0,True
28577e7c5b00e632dbcba7093bec1fa73f5e7c6dcc033b5c59361ca292474177,weather,60,0.9992990425298819,0.9956207050609004,0.5333333333333333,0.8563488385776752,1.0,True,True,0,True
28c2866c3310afefe4c83073593d605eb2ed9c2f03331d034d9e10292141e171,FEMA assistance,60,,,0.0,0.0,1.0,True,True,0,True
28c2866c3310afefe4c83073593d605eb2ed9c2f03331d034d9e10292141e171,flood cleanup,60,,,0.0,0.0,1.0,True,True,0,True
28c2866c3310afefe4c83073593d605eb2ed9c2f03331d034d9e10292141e171,flood insurance,60,,,0.0,0.0,1.0,True,True,0,True
28c2866c3310afefe4c83073593d605eb2ed9c2f03331d034d9e10292141e171,water removal,60,,,0.0,0.0,1.0,True,True,0,True
28c2866c3310afefe4c83073593d605eb2ed9c2f03331d034d9e10292141e171,weather,60,0.99601614437221,0.996562433881859,1.2833333333333334,2.254624876411447,1.0,True,True,0,True
29b43716b6b0ddc26bdf0cba5286262015cc9ba8931405580b93744a2c5fbad5,cleanup,60,,,0.0,0.0,1.0,True,True,0,True
29b43716b6b0ddc26bdf0cba5286262015cc9ba8931405580b93744a2c5fbad5,insurance,60,0.9801690921511648,0.9564149036056797,0.6,0.7958224257542215,1.0,False,True,0,True
29b43716b6b0ddc26bdf0cba5286262015cc9ba8931405580b93744a2c5fbad5,mold,60,0.5848976518656018,0.5848976518656018,0.08333333333333333,0.28867513459481287,1.0,True,False,27,True
29b43716b6b0ddc26bdf0cba5286262015cc9ba8931405580b93744a2c5fbad5,water damage,60,,,0.0,0.0,1.0,True,True,0,True
29b43716b6b0ddc26bdf0cba5286262015cc9ba8931405580b93744a2c5fbad5,weather,60,0.9831134250462336,0.978225812503485,3.566666666666667,4.358898943540674,1.0,True,False,42,True
2a641891dfe0cd7c76238c7fc995a6219ffba79ed9712234101c44061b367174,flash flood,60,1.0000000000000002,1.0,0.0,0.0,1.0,True,True,0,True
2a641891dfe0cd7c76238c7fc995a6219ffba79ed9712234101c44061b367174,flood,60,0.9771806977527373,0.8347500018630387,0.18333333333333332,0.4281744192888376,0.8333333333333334,True,True,0,False
2a641891dfe0cd7c76238c7fc995a6219ffba79ed9712234101c44061b367174,flooding,60,0.9687242231192785,0.92281121117526,0.05,0.22360679774997896,0.9666666666666667,True,True,0,False
2a641891dfe0cd7c76238c7fc995a6219ffba79ed9712234101c44061b367174,heavy rain,60,,,0.0,0.0,1.0,True,True,0,True
2a641891dfe0cd7c76238c7fc995a6219ffba79ed9712234101c44061b367174,weather,60,0.99601614437221,0.996562433881859,1.2833333333333334,2.254624876411447,1.0,True,True,0,True
2bb002bc385d9e5c7cbe1f7f6c7087389884d91c57f35ed14990ea5270fd5ef1,FEMA,60,0.7670929478598306,0.7670929478598306,0.11666666666666667,0.3415650255319866,0.8833333333333333,True,True,0,False
2bb002bc385d9e5c7cbe1f7f6c7087389884d91c57f35ed14990ea5270fd5ef1,emergency,60,0.8440555028150515,0.8307301048991049,0.08333333333333333,0.28867513459481287,1.0,True,True,0,True
2bb002bc385d9e5c7cbe1f7f6c7087389884d91c57f35ed14990ea5270fd5ef1,evacuation,60,1.0,1.0,0.0,0.0,1.0,True,True,0,True
2bb002bc385d9e5c7cbe1f7f6c7087389884d91c57f35ed14990ea5270fd5ef1,shelter,60,0.8017837257372732,0.8017837257372732,0.1,0.31622776601683794,1.0,True,True,0,True
2bb002bc385d9e5c7cbe1f7f6c7087389884d91c57f35ed14990ea5270fd5ef1,weather,60,0.9926647067736588,0.990433639006069,1.0833333333333333,1.52206000757745,1.0,True,True,0,True
2becee72cdbd2ba3b1992334e11ef7aac24cb551f2a2e03ef8f4145d1ed1fccc,flash flood,60,0.9576253841921555,0.9308514648721514,0.06666666666666667,0.2581988897471611,0.9666666666666667,False,True,0,False
2becee72cdbd2ba3b1992334e11ef7aac24cb551f2a2e03ef8f4145d1ed1fccc,flood,60,0.9874813194046624,0.9311408352653494,0.16666666666666666,0.408248290463863,0.9166666666666666,True,True,0,False
2becee72cdbd2ba3b1992334e11ef7aac24cb551f2a2e03ef8f4145d1ed1fccc,flooding,60,0.9955503275237887,0.9605118734623435,0.16666666666666666,0.408248290463863,0.9666666666666667,False,True,0,False
2becee72cdbd2ba3b1992334e11ef7aac24cb551f2a2e03ef8f4145d1ed1fccc,heavy rain,60,,,0.0,0.0,1.0,True,True,0,True
2becee72cdbd2ba3b1992334e11ef7aac24cb551f2a2e03ef8f4145d1ed1fccc,weather,60,0.9847017009029183,0.981994341641147,3.783333333333333,4.598912915026768,1.0,True,False,1,True
2c36a29fce09c93e85bbb69015c47c2d7a2b4a03a7ca5b3e0c7ec58b6fc011fb,FEMA,60,,,0.016666666666666666,0.12909944487358055,0.9833333333333333,False,False,37,False
2c36a29fce09c93e85bbb69015c47c2d7a2b4a03a7ca5b3e0c7ec58b6fc011fb,emergency,60,0.7452669814839384,0.7375547417879258,0.11666666666666667,0.3415650255319866,1.0,True,False,26,True
2c36a29fce09c93e85bbb69015c47c2d7a2b4a03a7ca5b3e0c7ec58b6fc011fb,evacuation,60,,,0.0,0.0,1.0,True,True,0,True
2c36a29fce09c93e85bbb69015c47c2d7a2b4a03a7ca5b3e0c7ec58b6fc011fb,shelter,60,0.47712418300653586,0.47712418300653603,0.13333333333333333,0.3651483716701107,1.0,True,True,0,True
2c36a29fce09c93e85bbb69015c47c2d7a2b4a03a7ca5b3e0c7ec58b6fc011fb,weather,60,0.9867755577010872,0.9939074648472693,1.0166666666666666,2.5199206336708304,1.0,True,True,0,True
2d8eeb7e60266ebedd349569c822b5bbab2404677a97adf07c67f48e41da951e,FEMA assistance,60,,,0.0,0.0,1.0,True,True,0,True
2d8eeb7e60266ebedd349569c822b5bbab2404677a97adf07c67f48e41da951e,flood cleanup,60,,,0.0,0.0,1.0,True,True,0,True
2d8eeb7e60266ebedd349569c822b5bbab2404677a97adf07c67f48e41da951e,flood insurance,60,,,0.0,0.0,1.0,True,True,0,True
2d8eeb7e60266ebedd349569c822b5bbab2404677a97adf07c67f48e41da951e,water removal,60,,,0.0,0.0,1.0,True,True,0,True
2d8eeb7e60266ebedd349569c822b5bbab2404677a97adf07c67f48e41da951e,weather,60,0.9831134250462336,0.978225812503485,3.566666666666667,4.358898943540674,1.0,True,False,42,True
2d95cf8088d4345d1380199096bf0088e3b8f2dc18032904791ace72ab10d17e,flash flood,60,,,0.0,0.0,1.0,True,True,0,True
2d95cf8088d4345d1380199096bf0088e3b8f2dc18032904791ace72ab10d17e,flood,60,0.7837670526042516,0.8098754013137164,0.05,0.22360679774997896,0.9666666666666667,False,False,46,False
2d95cf8088d4345d1380199096bf0088e3b8f2dc18032904791ace72ab10d17e,flooding,60,0.8094272134003794,0.8094272134003795,0.016666666666666666,0.12909944487358055,0.9833333333333333,True,True,0,False
2d95cf8088d4345d1380199096bf0088e3b8f2dc18032904791ace72ab10d17e,heavy rain,60,,,0.0,0.0,1.0,True,True,0,True
2d95cf8088d4345d1380199096bf0088e3b8f2dc18032904791ace72ab10d17e,weather,60,0.9944624957318026,0.9923753988611437,1.8333333333333333,2.23606797749979,1.0,True,True,0,True
2e5cb5830e641f8b101d1824d93bb8ef91d52f89ac67d5b414ae9577488b2167,FEMA assistance,60,,,0.0,0.0,1.0,True,True,0,True
2e5cb5830e641f8b101d1824d93bb8ef91d52f89ac67d5b414ae9577488b2167,flood cleanup,60,,,0.0,0.0,1.0,True,True,0,True
2e5cb5830e641f8b101d1824d93bb8ef91d52f89ac67d5b414ae9577488b2167,flood insurance,60,,,0.0,0.0,1.0,True,True,0,True
2e5cb5830e641f8b101d1824d93bb8ef91d52f89ac67d5b414ae9577488b2167,water removal,60,,,0.0,0.0,1.0,True,True,0,True
2e5cb5830e641f8b101d1824d93bb8ef91d52f89ac67d5b414ae9577488b2167,weather,60,0.9928767710676867,0.9775201835274074,1.1666666666666667,1.6931233465600393,1.0,True,True,0,True
2f325de6a999682fe719a744fb111ca75425453bd7c2ec872982a8fe2311df64,FEMA assistance,60,,,0.0,0.0,1.0,True,True,0,True
2f325de6a999682fe719a744fb111ca75425453bd7c2ec872982a8fe2311df64,flood cleanup,60,,,0.0,0.0,1.0,True,True,0,True
2f325de6a999682fe719a744fb111ca75425453bd7c2ec872982a8fe2311df64,flood insurance,60,,,0.0,0.0,1.0,True,True,0,True
2f325de6a999682fe719a744fb111ca75425453bd7c2ec872982a8fe2311df64,water removal,60,,,0.0,0.0,1.0,True,True,0,True
2f325de6a999682fe719a744fb111ca75425453bd7c2ec872982a8fe2311df64,weather,60,0.9965856169148125,0.9892016755059287,1.2666666666666666,1.7126976771553504,1.0,True,True,0,True
2f4610c365265c03833f0c86d46e5428b863c9926707290913f765d1dae27038,flash flood,60,1.0,0.9999999999999999,0.0,0.0,1.0,True,True,0,True
2f4610c365265c03833f0c86d46e5428b863c9926707290913f765d1dae27038,flood,60,0.9955240232126906,0.8111339465551672,0.08333333333333333,0.28867513459481287,0.9166666666666666,True,True,0,False
2f4610c365265c03833f0c86d46e5428b863c9926707290913f765d1dae27038,flooding,60,0.9989495967534601,0.9457839502425311,0.016666666666666666,0.12909944487358055,0.9833333333333333,True,True,0,False
2f4610c365265c03833f0c86d46e5428b863c9926707290913f765d1dae27038,heavy rain,60,,,0.0,0.0,1.0,True,True,0,True
2f4610c365265c03833f0c86d46e5428b863c9926707290913f765d1dae27038,weather,60,0.9937045483567417,0.9889386117047431,1.5833333333333333,2.004162335407655,1.0,True,True,0,True
2fc0aa913837cb908c0af28f3e1be47ae4024084fc3a4454c889491942084641,flash flood,60,1.0,1.0,0.0,0.0,1.0,True,True,0,True
2fc0aa913837cb908c0af28f3e1be47ae4024084fc3a4454c889491942084641,flood,60,1.0,1.0,0.0,0.0,1.0,True,True,0,True
2fc0aa913837cb908c0af28f3e1be47ae4024084fc3a4454c889491942084641,flooding,60,1.0,1.0000000000000002,0.0,0.0,1.0,True,True,0,True
2fc0aa913837cb908c0af28f3e1be47ae4024084fc3a4454c889491942084641,heavy rain,60,,,0.0,0.0,1.0,True,True,0,True
2fc0aa913837cb908c0af28f3e1be47ae4024084fc3a4454c889491942084641,weather,60,0.9919676832078367,0.9847942654238205,1.5,2.016597794967223,1.0,True,True,0,True
30691c28cb7b975865f6102b300daebdf95a7c9f120fbd079bde02cbe6df7c1a,outage,60,0.9954986362089221,0.9511894820367811,0.06666666666666667,0.2581988897471611,1.0,True,True,0,True
30691c28cb7b975865f6102b300daebdf95a7c9f120fbd079bde02cbe6df7c1a,road closed,60,,,0.0,0.0,1.0,True,True,0,True
30691c28cb7b975865f6102b300daebdf95a7c9f120fbd079bde02cbe6df7c1a,school closed,60,,,0.0,0.0,1.0,True,True,0,True
30691c28cb7b975865f6102b300daebdf95a7c9f120fbd079bde02cbe6df7c1a,traffic,60,0.858395075278952,0.8583950752789521,0.016666666666666666,0.12909944487358055,1.0,True,True,0,True
30691c28cb7b975865f6102b300daebdf95a7c9f120fbd079bde02cbe6df7c1a,weather,60,0.9965856169148125,0.9892016755059287,1.2666666666666666,1.7126976771553504,1.0,True,True,0,True
3124a7b93627d95b9bea9d020e66484c22842ffe18d350128dff1e818b8e55b4,flash flood,60,,,0.0,0.0,1.0,True,True,0,True
3124a7b93627d95b9bea9d020e66484c22842ffe18d350128dff1e818b8e55b4,flood,60,,,0.0,0.0,1.0,True,True,0,True
3124a7b93627d95b9bea9d020e66484c22842ffe18d350128dff1e818b8e55b4,flooding,60,,,0.0,0.0,1.0,True,True,0,True
3124a7b93627d95b9bea9d020e66484c22842ffe18d350128dff1e818b8e55b4,heavy rain,60,,,0.05,0.3872983346207417,0.9833333333333333,False,False,40,False
3124a7b93627d95b9bea9d020e66484c22842ffe18d350128dff1e818b8e55b4,weather,60,0.9940295132361286,0.9874442501187827,0.95,1.420093893609386,1.0,True,True,0,True
37c37256cdaefaf61782ddd9cab6d0e388db1ed35f84f37e8ee51aeaf1f98af8,outage,60,0.9751744172247218,0.8765273578812139,0.1,0.31622776601683794,0.9166666666666666,True,True,0,False
37c37256cdaefaf61782ddd9cab6d0e388db1ed35f84f37e8ee51aeaf1f98af8,road closed,60,,,0.0,0.0,1.0,True,True,0,True
37c37256cdaefaf61782ddd9cab6d0e388db1ed35f84f37e8ee51aeaf1f98af8,school closed,60,,,0.0,0.0,1.0,True,True,0,True
37c37256cdaefaf61782ddd9cab6d0e388db1ed35f84f37e8ee51aeaf1f98af8,traffic,60,0.6474735605170387,0.6474735605170387,0.16666666666666666,0.408248290463863,0.8333333333333334,True,True,0,False
37c37256cdaefaf61782ddd9cab6d0e388db1ed35f84f37e8ee51aeaf1f98af8,weather,60,0.9928767710676867,0.9775201835274074,1.1666666666666667,1.6931233465600393,1.0,True,True,0,True
3898fe577950ff16632ac4473ba38f1aef1ced2d37993b7e71f91853fe25888b,outage,60,0.9410121412695689,0.9113004526504415,0.016666666666666666,0.12909944487358055,1.0,True,True,0,True
3898fe577950ff16632ac4473ba38f1aef1ced2d37993b7e71f91853fe25888b,road closed,60,,,0.0,0.0,1.0,True,True,0,True
3898fe577950ff16632ac4473ba38f1aef1ced2d37993b7e71f91853fe25888b,school closed,60,1.0000000000000002,1.0,0.0,0.0,1.0,True,True,0,True
3898fe577950ff16632ac4473ba38f1aef1ced2d37993b7e71f91853fe25888b,traffic,60,0.7835174624088566,0.7932942935932106,0.05,0.22360679774997896,1.0,False,False,31,True
3898fe577950ff16632ac4473ba38f1aef1ced2d37993b7e71f91853fe25888b,weather,60,0.9962416708271465,0.9957584695401812,1.6,2.16794833886788,1.0,True,False,1,True
38f76ddbd3a306422ea88f684594558f27e8fc102109d0bfbba3be2c1b5bab5a,cleanup,60,,,0.0,0.0,1.0,True,True,0,True
38f76ddbd3a306422ea88f684594558f27e8fc102109d0bfbba3be2c1b5bab5a,insurance,60,0.9655079641489578,0.8610123949179391,0.3,0.5477225575051661,1.0,True,True,0,True
38f76ddbd3a306422ea88f684594558f27e8fc102109d0bfbba3be2c1b5bab5a,mold,60,,,0.0,0.0,1.0,True,True,0,True
38f76ddbd3a306422ea88f684594558f27e8fc102109d0bfbba3be2c1b5bab5a,water damage,60,,,0.0,0.0,1.0,True,True,0,True
38f76ddbd3a306422ea88f684594558f27e8fc102109d0bfbba3be2c1b5bab5a,weather,60,0.9976227190843765,0.994883330667234,0.9,1.3662601021279464,1.0,True,True,0,True
3904379c4b06d0739c20c6bc0dc4faf8fd56fa73b5e6aed423d61475f4e2edb1,outage,60,0.999553815568537,1.0000000000000002,0.016666666666666666,0.12909944487358055,1.0,False,True,0,True
3904379c4b06d0739c20c6bc0dc4faf8fd56fa73b5e6aed423d61475f4e2edb1,road closed,60,,,0.0,0.0,1.0,True,True,0,True
3904379c4b06d0739c20c6bc0dc4faf8fd56fa73b5e6aed423d61475f4e2edb1,school closed,60,,,0.0,0.0,1.0,True,True,0,True
3904379c4b06d0739c20c6bc0dc4faf8fd56fa73b5e6aed423d61475f4e2edb1,traffic,60,0.9349289792593777,0.9297059132732881,0.03333333333333333,0.18257418583505536,1.0,True,True,0,True
3904379c4b06d0739c20c6bc0dc4faf8fd56fa73b5e6aed423d61475f4e2edb1,weather,60,0.9971816312088955,0.9866262706438017,1.1666666666666667,1.7795130420052185,1.0,True,True,0,True
3937f660206364a7c58f722a9a46ff740c6bdff91bc32e7af536211f94cb181a,outage,60,0.9814792569411764,0.8704780263369283,0.15,0.3872983346207417,0.9333333333333333,True,True,0,False
3937f660206364a7c58f722a9a46ff740c6bdff91bc32e7af536211f94cb181a,road closed,60,,,0.0,0.0,1.0,True,True,0,True
3937f660206364a7c58f722a9a46ff740c6bdff91bc32e7af536211f94cb181a,school closed,60,,,0.0,0.0,1.0,True,True,0,True
3937f660206364a7c58f722a9a46ff740c6bdff91bc32e7af536211f94cb181a,traffic,60,0.9006963868925705,0.8734091651794116,0.06666666666666667,0.2581988897471611,0.9666666666666667,False,True,0,False
3937f660206364a7c58f722a9a46ff740c6bdff91bc32e7af536211f94cb181a,weather,60,0.9942857599418853,0.9903653156982821,2.2333333333333334,2.780887148615228,1.0,True,True,0,True
3d321408e18e9ab67372b4d0eb2c90ad14a3e89d7c434d2440ae49f60d33375a,FEMA,60,0.917207632583725,0.9172076325837251,0.016666666666666666,0.12909944487358055,0.9833333333333333,True,True,0,False
3d321408e18e9ab67372b4d0eb2c90ad14a3e89d7c434d2440ae49f60d33375a,emergency,60,0.9438798074485389,0.9438798074485389,0.016666666666666666,0.12909944487358055,1.0,True,True,0,True
3d321408e18e9ab67372b4d0eb2c90ad14a3e89d7c434d2440ae49f60d33375a,evacuation,60,0.9999999999999999,1.0,0.0,0.0,1.0,True,True,0,True
3d321408e18e9ab67372b4d0eb2c90ad14a3e89d7c434d2440ae49f60d33375a,shelter,60,0.5952277431812029,0.5952277431812029,0.2,0.4472135954999579,1.0,True,False,2,True
3d321408e18e9ab67372b4d0eb2c90ad14a3e89d7c434d2440ae49f60d33375a,weather,60,0.9805248851149908,0.9790502218858875,2.05,2.6987651497181693,1.0,True,True,0,True
3de922211c94d4bc35584dc487f1a181a1e8cc4fbe1dd4ad320d402f14aef2c9,outage,60,0.981392634770806,0.964902039360571,0.03333333333333333,0.18257418583505536,1.0,True,True,0,True
3de922211c94d4bc35584dc487f1a181a1e8cc4fbe1dd4ad320d402f14aef2c9,road closed,60,,,0.0,0.0,1.0,True,True,0,True
3de922211c94d4bc35584dc487f1a181a1e8cc4fbe1dd4ad320d402f14aef2c9,school closed,60,,,0.0,0.0,1.0,True,True,0,True
3de922211c94d4bc35584dc487f1a181a1e8cc4fbe1dd4ad320d402f14aef2c9,traffic,60,0.7469674567953893,0.7452218143537699,0.1,0.31622776601683794,1.0,True,True,0,True
3de922211c94d4bc35584dc487f1a181a1e8cc4fbe1dd4ad320d402f14aef2c9,weather,60,0.994536310131623,0.9932378892541277,1.65,2.0124611797498106,1.0,True,True,0,True
3e7f5a6553129785e8f11ec9fe5e1ae3a291a01de48ea0012a04bcd256c75657,outage,60,0.9986083395596607,0.8339822811793463,0.18333333333333332,0.4281744192888376,0.8833333333333333,False,True,0,False
3e7f5a6553129785e8f11ec9fe5e1ae3a291a01de48ea0012a04bcd256c75657,road closed,60,,,0.0,0.0,1.0,True,True,0,True
3e7f5a6553129785e8f11ec9fe5e1ae3a291a01de48ea0012a04bcd256c75657,school closed,60,1.0,1.0,0.0,0.0,1.0,True,True,0,True
3e7f5a6553129785e8f11ec9fe5e1ae3a291a01de48ea0012a04bcd256c75657,traffic,60,0.5789607333198488,0.5823061563903604,0.05,0.22360679774997896,0.95,True,True,0,False
3e7f5a6553129785e8f11ec9fe5e1ae3a291a01de48ea0012a04bcd256c75657,weather,60,0.9948883105818725,0.9985931547878127,1.4,1.9578900207451218,1.0,True,True,0,True
3f56c0edeefc278665060df9109a1f9205dbbd0b8a3b70a9df2e31781ea6abaa,flash flood,60,0.9862820910651671,0.9998185831327859,0.016666666666666666,0.12909944487358055,1.0,True,True,0,True
3f56c0edeefc278665060df9109a1f9205dbbd0b8a3b70a9df2e31781ea6abaa,flood,60,0.9167284443995075,0.7131480003017564,0.18333333333333332,0.4281744192888376,0.8166666666666667,True,True,0,False
3f56c0edeefc278665060df9109a1f9205dbbd0b8a3b70a9df2e31781ea6abaa,flooding,60,1.0,1.0000000000000002,0.0,0.0,1.0,True,True,0,True
3f56c0edeefc278665060df9109a1f9205dbbd0b8a3b70a9df2e31781ea6abaa,heavy rain,60,,,0.0,0.0,1.0,True,True,0,True
3f56c0edeefc278665060df9109a1f9205dbbd0b8a3b70a9df2e31781ea6abaa,weather,60,0.9984957900012802,0.9968787961397977,1.7666666666666666,1.9578900207451218,1.0,True,True,0,True
425676021e0468b9f4c721c9b73358b32da3e2f90b00f8d6c7caa813a0d87f6f,FEMA,60,,,0.0,0.0,1.0,True,True,0,True
425676021e0468b9f4c721c9b73358b32da3e2f90b00f8d6c7caa813a0d87f6f,emergency,60,0.7276068751089988,0.727606875108999,0.1,0.31622776601683794,1.0,True,True,0,True
425676021e0468b9f4c721c9b73358b32da3e2f90b00f8d6c7caa813a0d87f6f,evacuation,60,,,0.0,0.0,1.0,True,True,0,True
425676021e0468b9f4c721c9b73358b32da3e2f90b00f8d6c7caa813a0d87f6f,shelter,60,0.9999999999999999,1.0,0.0,0.0,1.0,True,True,0,True
425676021e0468b9f4c721c9b73358b32da3e2f90b00f8d6c7caa813a0d87f6f,weather,60,0.9942857599418853,0.9903653156982821,2.2333333333333334,2.780887148615228,1.0,True,True,0,True
42ad01fdbaddb3fa733b4559be19cd0fd4bee247332696ff67ca974968127b71,outage,60,0.999395837493462,0.9626709926731046,0.2,0.6582805886043833,0.95,True,True,0,False
42ad01fdbaddb3fa733b4559be19cd0fd4bee247332696ff67ca974968127b71,road closed,60,,,0.0,0.0,1.0,True,True,0,True
42ad01fdbaddb3fa733b4559be19cd0fd4bee247332696ff67ca974968127b71,school closed,60,1.0,0.9999999999999998,0.0,0.0,1.0,True,True,0,True
42ad01fdbaddb3fa733b4559be19cd0fd4bee247332696ff67ca974968127b71,traffic,60,0.8589470611406383,0.8501619361868612,0.08333333333333333,0.28867513459481287,0.9166666666666666,True,True,0,False
42ad01fdbaddb3fa733b4559be19cd0fd4bee247332696ff67ca974968127b71,weather,60,0.9967486463424234,0.9899171136392313,0.9333333333333333,1.1832159566199232,1.0,False,True,0,True
442015f3dc3597d68a8e965f5ca267818bf96c6d828e1f757492abe877b71c83,FEMA,60,0.9930418278875494,0.9976853550587018,0.06666666666666667,0.2581988897471611,1.0,True,False,1,True
442015f3dc3597d68a8e965f5ca267818bf96c6d828e1f757492abe877b71c83,emergency,60,0.9834626763108437,0.999883788765132,0.03333333333333333,0.18257418583505536,1.0,False,True,0,True
442015f3dc3597d68a8e965f5ca267818bf96c6d828e1f757492abe877b71c83,evacuation,60,1.0,0.9999999999999999,0.0,0.0,1.0,True,True,0,True
442015f3dc3597d68a8e965f5ca267818bf96c6d828e1f757492abe877b71c83,shelter,60,0.9269242386261916,0.8635478341512484,0.016666666666666666,0.12909944487358055,0.9833333333333333,True,True,0,False
442015f3dc3597d68a8e965f5ca267818bf96c6d828e1f757492abe877b71c83,weather,60,0.9980571482855414,0.9483544414868313,0.7166666666666667,1.0567244989431572,1.0,True,True,0,True
47029c9e3c4154d5e3fff43138dfe376a74bbea8a3256ded456ddd18a3f9be53,cleanup,60,,,0.0,0.0,1.0,True,True,0,True
47029c9e3c4154d5e3fff43138dfe376a74bbea8a3256ded456ddd18a3f9be53,insurance,60,0.9941480511764484,0.9862274048323094,0.7833333333333333,0.9219544457292888,1.0,False,True,0,True
47029c9e3c4154d5e3fff43138dfe376a74bbea8a3256ded456ddd18a3f9be53,mold,60,,,0.0,0.0,1.0,True,True,0,True
47029c9e3c4154d5e3fff43138dfe376a74bbea8a3256ded456ddd18a3f9be53,water damage,60,,,0.0,0.0,1.0,True,True,0,True
47029c9e3c4154d5e3fff43138dfe376a74bbea8a3256ded456ddd18a3f9be53,weather,60,0.9847017009029183,0.981994341641147,3.783333333333333,4.598912915026768,1.0,True,False,1,True
4990b14e4bf8694b3f831ab5411a7742eadd388459400dcae3fd5ee48a1fdd51,FEMA,60,,,0.0,0.0,1.0,True,True,0,True
4990b14e4bf8694b3f831ab5411a7742eadd388459400dcae3fd5ee48a1fdd51,emergency,60,0.6446583712203042,0.6446583712203042,0.05,0.22360679774997896,1.0,True,True,0,True
4990b14e4bf8694b3f831ab5411a7742eadd388459400dcae3fd5ee48a1fdd51,evacuation,60,,,0.0,0.0,1.0,True,True,0,True
4990b14e4bf8694b3f831ab5411a7742eadd388459400dcae3fd5ee48a1fdd51,shelter,60,,,0.0,0.0,1.0,True,True,0,True
4990b14e4bf8694b3f831ab5411a7742eadd388459400dcae3fd5ee48a1fdd51,weather,60,0.9936055678653757,0.9878655222708337,1.6166666666666667,2.224859546128699,1.0,True,True,0,True
4990d2f59560b73a79e12e9350e4cc80250497f2d1afe6d0572d3f5b004c6632,cleanup,60,,,0.0,0.0,1.0,True,True,0,True
4990d2f59560b73a79e12e9350e4cc80250497f2d1afe6d0572d3f5b004c6632,insurance,60,0.9052466846485765,0.8863475159109528,0.7166666666666667,1.0408329997330663,1.0,True,True,0,True
4990d2f59560b73a79e12e9350e4cc80250497f2d1afe6d0572d3f5b004c6632,mold,60,0.45001499450202,0.4292064915937049,0.43333333333333335,1.0954451150103321,0.8666666666666667,False,False,45,False
4990d2f59560b73a79e12e9350e4cc80250497f2d1afe6d0572d3f5b004c6632,water damage,60,,,0.0,0.0,1.0,True,True,0,True
4990d2f59560b73a79e12e9350e4cc80250497f2d1afe6d0572d3f5b004c6632,weather,60,0.9927731085289416,0.9844697745847386,0.9166666666666666,1.2179217270963407,1.0,True,True,0,True
4ae918f8dff3976812e49cfb2474e7ce596171ae27c1e8fe19c86d511a55756b,outage,60,0.9972166076414557,0.9645780755486552,0.05,0.22360679774997896,1.0,False,True,0,True
4ae918f8dff3976812e49cfb2474e7ce596171ae27c1e8fe19c86d511a55756b,road closed,60,,,0.0,0.0,1.0,True,True,0,True
4ae918f8dff3976812e49cfb2474e7ce596171ae27c1e8fe19c86d511a55756b,school closed,60,,,0.0,0.0,1.0,True,True,0,True
4ae918f8dff3976812e49cfb2474e7ce596171ae27c1e8fe19c86d511a55756b,traffic,60,0.9506332219548341,0.9447412811851094,0.05,0.22360679774997896,1.0,True,True,0,True
4ae918f8dff3976812e49cfb2474e7ce596171ae27c1e8fe19c86d511a55756b,weather,60,0.9926647067736588,0.990433639006069,1.0833333333333333,1.52206000757745,1.0,True,True,0,True
4aeb542e241461bce998c572373a465ac27e1d580595333b9dcbd0730841dcb5,flash flood,60,,,0.03333333333333333,0.2581988897471611,0.9833333333333333,False,False,16,False
4aeb542e241461bce998c572373a465ac27e1d580595333b9dcbd0730841dcb5,flood,60,-0.03434131240307962,-0.034778927189327256,0.23333333333333334,0.816496580927726,0.9166666666666666,True,False,1,False
4aeb542e241461bce998c572373a465ac27e1d580595333b9dcbd0730841dcb5,flooding,60,0.7167192307599969,0.7949943154687349,0.1,0.5477225575051661,0.9833333333333333,True,False,7,False
4aeb542e241461bce998c572373a465ac27e1d580595333b9dcbd0730841dcb5,heavy rain,60,,,0.0,0.0,1.0,True,True,0,True
4aeb542e241461bce998c572373a465ac27e1d580595333b9dcbd0730841dcb5,weather,60,0.9926485530428898,0.9869891448166719,1.1,1.3662601021279464,1.0,True,True,0,True
4b2efa1ffa854b0e6a596e094f0a4acfe2322bf6b0153f4329bbb81e1f847bdc,flash flood,60,0.9999999999999999,1.0,0.0,0.0,1.0,True,True,0,True
4b2efa1ffa854b0e6a596e094f0a4acfe2322bf6b0153f4329bbb81e1f847bdc,flood,60,0.9934392535538153,0.9506819039928922,0.15,0.3872983346207417,0.95,True,True,0,False
4b2efa1ffa854b0e6a596e094f0a4acfe2322bf6b0153f4329bbb81e1f847bdc,flooding,60,0.9949085931807666,0.9426143961505629,0.08333333333333333,0.28867513459481287,0.9666666666666667,True,True,0,False
4b2efa1ffa854b0e6a596e094f0a4acfe2322bf6b0153f4329bbb81e1f847bdc,heavy rain,60,,,0.0,0.0,1.0,True,True,0,True
4b2efa1ffa854b0e6a596e094f0a4acfe2322bf6b0153f4329bbb81e1f847bdc,weather,60,0.9993689663769152,0.9983582871893284,0.4666666666666667,0.7302967433402214,1.0,True,True,0,True
4c103b29443b196e928aad53ae3e50bfab17f1096c01f7b0e96faac4dd3163f3,flash flood,60,0.807826538431249,0.7010963201705881,0.05,0.22360679774997896,0.95,True,True,0,False
4c103b29443b196e928aad53ae3e50bfab17f1096c01f7b0e96faac4dd3163f3,flood,60,0.7840427253622879,0.768199881527335,0.16666666666666666,0.408248290463863,0.8666666666666667,True,True,0,False
4c103b29443b196e928aad53ae3e50bfab17f1096c01f7b0e96faac4dd3163f3,flooding,60,0.881646820812502,0.7883293192861507,0.2,0.4472135954999579,0.8666666666666667,True,False,31,False
4c103b29443b196e928aad53ae3e50bfab17f1096c01f7b0e96faac4dd3163f3,heavy rain,60,,,0.016666666666666666,0.12909944487358055,0.9833333333333333,False,False,40,False
4c103b29443b196e928aad53ae3e50bfab17f1096c01f7b0e96faac4dd3163f3,weather,60,0.9983491302921466,0.9981914305477717,0.6833333333333333,1.132843031197762,1.0,True,True,0,True
4ca3b67fa7113d5d0cbbdf6eda1480fcfc3f15b6dca8737fe6413b762e55766f,flash flood,60,0.4827586206896552,0.4827586206896552,0.03333333333333333,0.18257418583505536,0.9666666666666667,True,False,13,False
4ca3b67fa7113d5d0cbbdf6eda1480fcfc3f15b6dca8737fe6413b762e55766f,flood,60,0.6499822767123448,0.5948586972611015,0.26666666666666666,0.5163977794943222,0.75,True,False,1,False
4ca3b67fa7113d5d0cbbdf6eda1480fcfc3f15b6dca8737fe6413b762e55766f,flooding,60,0.9379929475978364,0.9262166743261449,0.06666666666666667,0.2581988897471611,0.9666666666666667,True,True,0,False
4ca3b67fa7113d5d0cbbdf6eda1480fcfc3f15b6dca8737fe6413b762e55766f,heavy rain,60,,,0.0,0.0,1.0,True,True,0,True
4ca3b67fa7113d5d0cbbdf6eda1480fcfc3f15b6dca8737fe6413b762e55766f,weather,60,0.9767092501416922,0.9907884778283964,6.883333333333334,7.794228634059948,1.0,True,False,7,True
4fa3e3a43c4e51fcb0aa3fa5df49b66986cfd384077fbfa4604b656bfb01a091,flash flood,60,0.9999999999999998,0.9999999999999999,0.0,0.0,1.0,True,True,0,True
4fa3e3a43c4e51fcb0aa3fa5df49b66986cfd384077fbfa4604b656bfb01a091,flood,60,0.8793926449736448,0.8331704543236653,0.08333333333333333,0.28867513459481287,0.9166666666666666,True,True,0,False
4fa3e3a43c4e51fcb0aa3fa5df49b66986cfd384077fbfa4604b656bfb01a091,flooding,60,0.9579052236951302,0.9230359842923196,0.05,0.22360679774997896,0.9833333333333333,False,True,0,False
4fa3e3a43c4e51fcb0aa3fa5df49b66986cfd384077fbfa4604b656bfb01a091,heavy rain,60,,,0.0,0.0,1.0,True,True,0,True
4fa3e3a43c4e51fcb0aa3fa5df49b66986cfd384077fbfa4604b656bfb01a091,weather,60,0.9868042574347201,0.9954913680754922,0.9166666666666666,2.4528894525980305,1.0,True,True,0,True
501a328e1ae43628c75f818dfe3a38b0cde6941520b90d1907fd38b2a98f0161,outage,60,0.9982046519185359,0.8842299900712937,0.13333333333333333,0.3651483716701107,0.9,False,True,0,False
501a328e1ae43628c75f818dfe3a38b0cde6941520b90d1907fd38b2a98f0161,road closed,60,,,0.0,0.0,1.0,True,True,0,True
501a328e1ae43628c75f818dfe3a38b0cde6941520b90d1907fd38b2a98f0161,school closed,60,0.9588329599647891,0.890504419023708,0.016666666666666666,0.12909944487358055,0.9833333333333333,True,True,0,False
501a328e1ae43628c75f818dfe3a38b0cde6941520b90d1907fd38b2a98f0161,traffic,60,0.7868934294611325,0.7131930375710739,0.06666666666666667,0.2581988897471611,0.9833333333333333,True,True,0,False
501a328e1ae43628c75f818dfe3a38b0cde6941520b90d1907fd38b2a98f0161,weather,60,0.99601614437221,0.996562433881859,1.2833333333333334,2.254624876411447,1.0,True,True,0,True
50d12059ca5a90501ee721ae55afc3fa4210176868003fba337af538b6641eec,cleanup,60,,,0.0,0.0,1.0,True,True,0,True
50d12059ca5a90501ee721ae55afc3fa4210176868003fba337af538b6641eec,insurance,60,0.9937505039508477,0.9893744279157435,0.03333333333333333,0.18257418583505536,1.0,True,True,0,True
50d12059ca5a90501ee721ae55afc3fa4210176868003fba337af538b6641eec,mold,60,0.5518254055364692,0.5518254055364692,0.05,0.22360679774997896,0.95,True,True,0,False
50d12059ca5a90501ee721ae55afc3fa4210176868003fba337af538b6641eec,water damage,60,,,0.0,0.0,1.0,True,True,0,True
50d12059ca5a90501ee721ae55afc3fa4210176868003fba337af538b6641eec,weather,60,0.9980571482855414,0.9483544414868313,0.7166666666666667,1.0567244989431572,1.0,True,True,0,True
50f911f9065e4bffc0fb160b9dd45c31834661cc0d5f8044df5137692e85c8df,flash flood,60,,,0.0,0.0,1.0,True,True,0,True
50f911f9065e4bffc0fb160b9dd45c31834661cc0d5f8044df5137692e85c8df,flood,60,1.0,1.0,0.0,0.0,1.0,True,True,0,True
50f911f9065e4bffc0fb160b9dd45c31834661cc0d5f8044df5137692e85c8df,flooding,60,,,0.0,0.0,1.0,True,True,0,True
50f911f9065e4bffc0fb160b9dd45c31834661cc0d5f8044df5137692e85c8df,heavy rain,60,,,0.0,0.0,1.0,True,True,0,True
50f911f9065e4bffc0fb160b9dd45c31834661cc0d5f8044df5137692e85c8df,weather,60,0.9983550083533153,0.9947921759967484,0.7166666666666667,1.0567244989431572,1.0,True,True,0,True
52c0953b14b3319b23fe01e1590e32127b40678ab0304f949003f457f887459b,outage,60,,,0.0,0.0,1.0,True,True,0,True
52c0953b14b3319b23fe01e1590e32127b40678ab0304f949003f457f887459b,road closed,60,,,0.0,0.0,1.0,True,True,0,True
52c0953b14b3319b23fe01e1590e32127b40678ab0304f949003f457f887459b,school closed,60,,,0.0,0.0,1.0,True,True,0,True
52c0953b14b3319b23fe01e1590e32127b40678ab0304f949003f457f887459b,traffic,60,,,0.05,0.3872983346207417,0.9833333333333333,False,False,56,False
52c0953b14b3319b23fe01e1590e32127b40678ab0304f949003f457f887459b,weather,60,0.9943885051684057,0.9882526335992664,0.9833333333333333,1.3844373104863459,1.0,True,True,0,True
52d60eb26eabe98d7485f30acf3ae859bf2fe7ed668c770d313057d32d922c0a,FEMA assistance,60,,,0.0,0.0,1.0,True,True,0,True
52d60eb26eabe98d7485f30acf3ae859bf2fe7ed668c770d313057d32d922c0a,flood cleanup,60,,,0.0,0.0,1.0,True,True,0,True
52d60eb26eabe98d7485f30acf3ae859bf2fe7ed668c770d313057d32d922c0a,flood insurance,60,,,0.0,0.0,1.0,True,True,0,True
52d60eb26eabe98d7485f30acf3ae859bf2fe7ed668c770d313057d32d922c0a,water removal,60,,,0.0,0.0,1.0,True,True,0,True
52d60eb26eabe98d7485f30acf3ae859bf2fe7ed668c770d313057d32d922c0a,weather,60,0.9943458057150181,0.9892585717646255,1.0333333333333334,1.4719601443879744,1.0,True,True,0,True
557ed4619543fa6d9677f4180cf587f28d327ebdb5b4f34a09ae3aaf259cf03c,FEMA assistance,60,,,0.0,0.0,1.0,True,True,0,True
557ed4619543fa6d9677f4180cf587f28d327ebdb5b4f34a09ae3aaf259cf03c,flood cleanup,60,,,0.0,0.0,1.0,True,True,0,True
557ed4619543fa6d9677f4180cf587f28d327ebdb5b4f34a09ae3aaf259cf03c,flood insurance,60,,,0.0,0.0,1.0,True,True,0,True
557ed4619543fa6d9677f4180cf587f28d327ebdb5b4f34a09ae3aaf259cf03c,water removal,60,,,0.0,0.0,1.0,True,True,0,True
557ed4619543fa6d9677f4180cf587f28d327ebdb5b4f34a09ae3aaf259cf03c,weather,60,0.9937106047774946,0.9829633754916499,1.5,1.906130460732773,1.0,True,True,0,True
5657de29bb33e07e5b99aca109be2cacc4b8cedf73d0cfdb3a93e9402a39ff34,FEMA assistance,60,,,0.05,0.3872983346207417,0.9833333333333333,False,False,6,False
5657de29bb33e07e5b99aca109be2cacc4b8cedf73d0cfdb3a93e9402a39ff34,flood cleanup,60,,,0.0,0.0,1.0,True,True,0,True
5657de29bb33e07e5b99aca109be2cacc4b8cedf73d0cfdb3a93e9402a39ff34,flood insurance,60,,,0.0,0.0,1.0,True,True,0,True
5657de29bb33e07e5b99aca109be2cacc4b8cedf73d0cfdb3a93e9402a39ff34,water removal,60,,,0.0,0.0,1.0,True,True,0,True
5657de29bb33e07e5b99aca109be2cacc4b8cedf73d0cfdb3a93e9402a39ff34,weather,60,0.9943885051684057,0.9882526335992664,0.9833333333333333,1.3844373104863459,1.0,True,True,0,True
56b35e6fb2694e45c7bf66fbba6bcc83f1ef7b9834c0bc5c28784e4bf148c9f7,FEMA,60,,,0.016666666666666666,0.12909944487358055,0.9833333333333333,False,False,47,False
56b35e6fb2694e45c7bf66fbba6bcc83f1ef7b9834c0bc5c28784e4bf148c9f7,emergency,60,0.664804469273743,0.6609195402298851,0.03333333333333333,0.18257418583505536,0.9666666666666667,True,True,0,False
56b35e6fb2694e45c7bf66fbba6bcc83f1ef7b9834c0bc5c28784e4bf148c9f7,evacuation,60,,,0.0,0.0,1.0,True,True,0,True
56b35e6fb2694e45c7bf66fbba6bcc83f1ef7b9834c0bc5c28784e4bf148c9f7,shelter,60,0.7654595318498871,0.610951477224305,0.18333333333333332,0.4281744192888376,0.8333333333333334,True,True,0,False
56b35e6fb2694e45c7bf66fbba6bcc83f1ef7b9834c0bc5c28784e4bf148c9f7,weather,60,0.9985671713523105,0.9968785282049082,1.7166666666666666,1.9017535767461216,1.0,True,True,0,True
57bc0a9ac1f7a5e571bb48516c935cbe4d49b37b4b128daae41a783270b0e6f9,outage,60,0.9893535862842262,0.93827724897682,0.21666666666666667,0.4654746681256314,1.0,False,True,0,True
57bc0a9ac1f7a5e571bb48516c935cbe4d49b37b4b128daae41a783270b0e6f9,road closed,60,,,0.0,0.0,1.0,True,True,0,True
57bc0a9ac1f7a5e571bb48516c935cbe4d49b37b4b128daae41a783270b0e6f9,school closed,60,,,0.0,0.0,1.0,True,True,0,True
57bc0a9ac1f7a5e571bb48516c935cbe4d49b37b4b128daae41a783270b0e6f9,traffic,60,0.8210373430097462,0.7955293195690525,0.16666666666666666,0.408248290463863,1.0,True,True,0,True
57bc0a9ac1f7a5e571bb48516c935cbe4d49b37b4b128daae41a783270b0e6f9,weather,60,0.9847017009029183,0.981994341641147,3.783333333333333,4.598912915026768,1.0,True,False,1,True
586a24563415d11eab36eda46ee4d3ba4a1c5edb65d260a9ffe87ab19a50e32c,cleanup,60,,,0.0,0.0,1.0,True,True,0,True
586a24563415d11eab36eda46ee4d3ba4a1c5edb65d260a9ffe87ab19a50e32c,insurance,60,0.976613759208503,0.9472511725019256,1.05,1.1474609652039003,1.0,False,True,0,True
586a24563415d11eab36eda46ee4d3ba4a1c5edb65d260a9ffe87ab19a50e32c,mold,60,0.6813851438692469,0.681385143869247,0.06666666666666667,0.2581988897471611,0.9333333333333333,True,True,0,False
586a24563415d11eab36eda46ee4d3ba4a1c5edb65d260a9ffe87ab19a50e32c,water damage,60,-0.01694915254237288,-0.01694915254237288,0.03333333333333333,0.18257418583505536,0.9666666666666667,True,False,35,False
586a24563415d11eab36eda46ee4d3ba4a1c5edb65d260a9ffe87ab19a50e32c,weather,60,0.9739100240974733,0.9883920212068884,6.783333333333333,7.75134396948899,1.0,True,False,7,True
591731acdb262e5664f7bfeec9ab48373d5703dc4abfd27fa32901b50b6c284c,cleanup,60,,,0.0,0.0,1.0,True,True,0,True
591731acdb262e5664f7bfeec9ab48373d5703dc4abfd27fa32901b50b6c284c,insurance,60,0.9500834987856467,0.9197210149205615,0.7333333333333333,1.0327955589886444,1.0,False,False,39,True
591731acdb262e5664f7bfeec9ab48373d5703dc4abfd27fa32901b50b6c284c,mold,60,0.8273902855210984,0.8273902855210984,0.08333333333333333,0.28867513459481287,1.0,True,True,0,True
591731acdb262e5664f7bfeec9ab48373d5703dc4abfd27fa32901b50b6c284c,water damage,60,,,0.0,0.0,1.0,True,True,0,True
591731acdb262e5664f7bfeec9ab48373d5703dc4abfd27fa32901b50b6c284c,weather,60,0.994536310131623,0.9932378892541277,1.65,2.0124611797498106,1.0,True,True,0,True
59ba22e768bf1ab6536abef6a5e1c8abff46b84c72d973e7504efab2b31eeedb,flash flood,60,0.9788329048903225,0.8116645308983593,0.3,0.6055300708194983,0.8833333333333333,True,True,0,False
59ba22e768bf1ab6536abef6a5e1c8abff46b84c72d973e7504efab2b31eeedb,flood,60,0.9909397919106542,0.9537047788903351,0.31666666666666665,0.5627314338711378,0.9,False,True,0,False
59ba22e768bf1ab6536abef6a5e1c8abff46b84c72d973e7504efab2b31eeedb,flooding,60,0.9973281712163268,0.9820657946000377,0.15,0.3872983346207417,0.9833333333333333,False,True,0,False
59ba22e768bf1ab6536abef6a5e1c8abff46b84c72d973e7504efab2b31eeedb,heavy rain,60,,,0.0,0.0,1.0,True,True,0,True
59ba22e768bf1ab6536abef6a5e1c8abff46b84c72d973e7504efab2b31eeedb,weather,60,0.9985348560425081,0.9969643380299027,0.5,0.7958224257542215,1.0,True,True,0,True
5a966d9071c8da094639b7cc4ff4dc4dd109c3aaec1673ec56923e4a2d242cd1,FEMA,60,1.0,0.9999999999999999,0.0,0.0,1.0,True,True,0,True
5a966d9071c8da094639b7cc4ff4dc4dd109c3aaec1673ec56923e4a2d242cd1,emergency,60,1.0,1.0000000000000002,0.0,0.0,1.0,True,True,0,True
5a966d9071c8da094639b7cc4ff4dc4dd109c3aaec1673ec56923e4a2d242cd1,evacuation,60,,,0.0,0.0,1.0,True,True,0,True
5a966d9071c8da094639b7cc4ff4dc4dd109c3aaec1673ec56923e4a2d242cd1,shelter,60,0.753543051757722,0.753543051757722,0.1,0.31622776601683794,1.0,True,True,0,True
5a966d9071c8da094639b7cc4ff4dc4dd109c3aaec1673ec56923e4a2d242cd1,weather,60,0.9943458057150181,0.9892585717646255,1.0333333333333334,1.4719601443879744,1.0,True,True,0,True
5b25cba44ba90fe8f54d817af4a2b5039e682f42ffae93e92aa9f9b7d4cdd986,FEMA assistance,60,,,0.0,0.0,1.0,True,True,0,True
5b25cba44ba90fe8f54d817af4a2b5039e682f42ffae93e92aa9f9b7d4cdd986,flood cleanup,60,,,0.0,0.0,1.0,True,True,0,True
5b25cba44ba90fe8f54d817af4a2b5039e682f42ffae93e92aa9f9b7d4cdd986,flood insurance,60,,,0.0,0.0,1.0,True,True,0,True
5b25cba44ba90fe8f54d817af4a2b5039e682f42ffae93e92aa9f9b7d4cdd986,water removal,60,,,0.0,0.0,1.0,True,True,0,True
5b25cba44ba90fe8f54d817af4a2b5039e682f42ffae93e92aa9f9b7d4cdd986,weather,60,0.9942857599418853,0.9903653156982821,2.2333333333333334,2.780887148615228,1.0,True,True,0,True
5c2da56e0dab7230a0fe9387c096f021323675c6d34448b7366e86ebeea6bbcc,flash flood,60,1.0,1.0,0.0,0.0,1.0,True,True,0,True
5c2da56e0dab7230a0fe9387c096f021323675c6d34448b7366e86ebeea6bbcc,flood,60,0.9189038418522404,0.8578799374256475,0.16666666666666666,0.408248290463863,0.9166666666666666,True,True,0,False
5c2da56e0dab7230a0fe9387c096f021323675c6d34448b7366e86ebeea6bbcc,flooding,60,0.8049509329764297,0.5943624221199802,0.11666666666666667,0.3415650255319866,0.8833333333333333,True,True,0,False
5c2da56e0dab7230a0fe9387c096f021323675c6d34448b7366e86ebeea6bbcc,heavy rain,60,,,0.0,0.0,1.0,True,True,0,True
5c2da56e0dab7230a0fe9387c096f021323675c6d34448b7366e86ebeea6bbcc,weather,60,0.9989709628452732,0.9964052219125294,0.6333333333333333,0.8563488385776752,1.0,True,True,0,True
5c7327bd17e789a120da7e550d506af482d060b6ab3ade67b879d685a0f370bb,flash flood,60,1.0000000000000002,1.0,0.0,0.0,1.0,True,True,0,True
5c7327bd17e789a120da7e550d506af482d060b6ab3ade67b879d685a0f370bb,flood,60,0.9953856397119646,0.9412802675645818,0.016666666666666666,0.12909944487358055,0.9833333333333333,True,True,0,False
5c7327bd17e789a120da7e550d506af482d060b6ab3ade67b879d685a0f370bb,flooding,60,0.9934970093063283,0.9726144621583667,0.03333333333333333,0.18257418583505536,0.9833333333333333,False,True,0,False
5c7327bd17e789a120da7e550d506af482d060b6ab3ade67b879d685a0f370bb,heavy rain,60,,,0.0,0.0,1.0,True,True,0,True
5c7327bd17e789a120da7e550d506af482d060b6ab3ade67b879d685a0f370bb,weather,60,0.9962069378637595,0.9862697057577064,1.0666666666666667,1.51657508881031,1.0,True,True,0,True
5cb3bea4e7e4fb2c9bf38cea2530cba502ccd0199d6e8b044289002fc5b604d4,cleanup,60,,,0.016666666666666666,0.12909944487358055,0.9833333333333333,False,False,58,False
5cb3bea4e7e4fb2c9bf38cea2530cba502ccd0199d6e8b044289002fc5b604d4,insurance,60,0.9952058904897993,0.9831530261799972,0.35,0.5916079783099616,1.0,False,False,11,True
5cb3bea4e7e4fb2c9bf38cea2530cba502ccd0199d6e8b044289002fc5b604d4,mold,60,0.28942475175311827,0.2872311322937716,0.4166666666666667,0.7187952884282609,0.7666666666666667,True,False,5,False
5cb3bea4e7e4fb2c9bf38cea2530cba502ccd0199d6e8b044289002fc5b604d4,water damage,60,,,0.0,0.0,1.0,True,True,0,True
5cb3bea4e7e4fb2c9bf38cea2530cba502ccd0199d6e8b044289002fc5b604d4,weather,60,0.9991332801176876,0.9985102569490569,0.2833333333333333,0.5322906474223771,1.0,True,True,0,True
5d368ce4075581660d2d3560fd493f976f23428b287d07c7edb01619a504b713,outage,60,0.743996206449535,0.5530524821262812,0.16666666666666666,0.408248290463863,0.8833333333333333,True,True,0,False
5d368ce4075581660d2d3560fd493f976f23428b287d07c7edb01619a504b713,road closed,60,0.7010887416930995,0.7010887416930995,0.016666666666666666,0.12909944487358055,0.9833333333333333,True,False,5,False
5d368ce4075581660d2d3560fd493f976f23428b287d07c7edb01619a504b713,school closed,60,,,0.0,0.0,1.0,True,True,0,True
5d368ce4075581660d2d3560fd493f976f23428b287d07c7edb01619a504b713,traffic,60,0.8892770975455138,0.8510799116422989,0.21666666666666667,0.4654746681256314,1.0,False,True,0,True
5d368ce4075581660d2d3560fd493f976f23428b287d07c7edb01619a504b713,weather,60,0.9739100240974733,0.9883920212068884,6.783333333333333,7.75134396948899,1.0,True,False,7,True
5df19c1f5ada3e6b3a9b857e75c9864d53cd49b16258e9b26b0f6f9916169a42,FEMA,60,0.8864052604279183,0.8864052604279182,0.016666666666666666,0.12909944487358055,0.9833333333333333,True,True,0,False
5df19c1f5ada3e6b3a9b857e75c9864d53cd49b16258e9b26b0f6f9916169a42,emergency,60,0.9738499069889801,0.7844803343464373,0.06666666666666667,0.2581988897471611,1.0,True,True,0,True
5df19c1f5ada3e6b3a9b857e75c9864d53cd49b16258e9b26b0f6f9916169a42,evacuation,60,,,0.0,0.0,1.0,True,True,0,True
5df19c1f5ada3e6b3a9b857e75c9864d53cd49b16258e9b26b0f6f9916169a42,shelter,60,0.7010887416930995,0.7010887416930995,0.016666666666666666,0.12909944487358055,1.0,True,False,1,True
5df19c1f5ada3e6b3a9b857e75c9864d53cd49b16258e9b26b0f6f9916169a42,weather,60,0.9974223108259695,0.995458020931954,0.6333333333333333,1.224744871391589,1.0,True,True,0,True
62b1eddbd737f46882561a6dbfeac665138dea0b2fcebc63e8c85c759fcd8d2f,FEMA assistance,60,,,0.0,0.0,1.0,True,True,0,True
62b1eddbd737f46882561a6dbfeac665138dea0b2fcebc63e8c85c759fcd8d2f,flood cleanup,60,,,0.0,0.0,1.0,True,True,0,True
62b1eddbd737f46882561a6dbfeac665138dea0b2fcebc63e8c85c759fcd8d2f,flood insurance,60,,,0.0,0.0,1.0,True,True,0,True
62b1eddbd737f46882561a6dbfeac665138dea0b2fcebc63e8c85c759fcd8d2f,water removal,60,,,0.0,0.0,1.0,True,True,0,True
62b1eddbd737f46882561a6dbfeac665138dea0b2fcebc63e8c85c759fcd8d2f,weather,60,0.9739100240974733,0.9883920212068884,6.783333333333333,7.75134396948899,1.0,True,False,7,True
62b3859ddf05b6b2fde822c797f4ec7d8657852223ed9fb9a14b8c6b989c4e28,outage,60,0.9341003035771431,0.8079071474546737,0.15,0.3872983346207417,1.0,False,True,0,True
62b3859ddf05b6b2fde822c797f4ec7d8657852223ed9fb9a14b8c6b989c4e28,road closed,60,,,0.0,0.0,1.0,True,True,0,True
62b3859ddf05b6b2fde822c797f4ec7d8657852223ed9fb9a14b8c6b989c4e28,school closed,60,,,0.0,0.0,1.0,True,True,0,True
62b3859ddf05b6b2fde822c797f4ec7d8657852223ed9fb9a14b8c6b989c4e28,traffic,60,0.6312655864226273,0.6312655864226275,0.06666666666666667,0.2581988897471611,1.0,True,False,17,True
62b3859ddf05b6b2fde822c797f4ec7d8657852223ed9fb9a14b8c6b989c4e28,weather,60,0.9967279294698173,0.9892919672338362,3.1333333333333333,3.478505426185217,1.0,True,True,0,True
630347619118879afd022a93777d90bf3b5bd69857cd78ca16dd425f41db1d5f,flash flood,60,0.7010887416930995,0.7010887416930995,0.016666666666666666,0.12909944487358055,0.9833333333333333,True,False,26,False
630347619118879afd022a93777d90bf3b5bd69857cd78ca16dd425f41db1d5f,flood,60,0.598864616133995,0.5831185273074276,0.1,0.31622776601683794,0.9,True,True,0,False
630347619118879afd022a93777d90bf3b5bd69857cd78ca16dd425f41db1d5f,flooding,60,0.9085365853658537,0.8273809523809523,0.03333333333333333,0.18257418583505536,0.9666666666666667,True,True,0,False
630347619118879afd022a93777d90bf3b5bd69857cd78ca16dd425f41db1d5f,heavy rain,60,,,0.0,0.0,1.0,True,True,0,True
630347619118879afd022a93777d90bf3b5bd69857cd78ca16dd425f41db1d5f,weather,60,0.9914242325773742,0.976171198454644,1.8,2.3523038352503134,1.0,True,True,0,True
643f08a08e34cc8706afbb3e95e545566d0a26ea35c06fe0755b9af9768d2ef5,FEMA assistance,60,,,0.0,0.0,1.0,True,True,0,True
643f08a08e34cc8706afbb3e95e545566d0a26ea35c06fe0755b9af9768d2ef5,flood cleanup,60,,,0.0,0.0,1.0,True,True,0,True
643f08a08e34cc8706afbb3e95e545566d0a26ea35c06fe0755b9af9768d2ef5,flood insurance,60,,,0.0,0.0,1.0,True,True,0,True
643f08a08e34cc8706afbb3e95e545566d0a26ea35c06fe0755b9af9768d2ef5,water removal,60,,,0.0,0.0,1.0,True,True,0,True
643f08a08e34cc8706afbb3e95e545566d0a26ea35c06fe0755b9af9768d2ef5,weather,60,0.9801393684898585,0.9239093090124146,1.9333333333333333,2.9268868558020253,1.0,True,False,14,True
64f9deb96da759857d9a3167223fc54b4da2ebfc1eb9acbc22b0298279e992e2,cleanup,60,,,0.03333333333333333,0.18257418583505536,0.9666666666666667,False,True,0,False
64f9deb96da759857d9a3167223fc54b4da2ebfc1eb9acbc22b0298279e992e2,insurance,60,0.9652620644986468,0.9235087003387488,0.75,1.161895003862225,1.0,False,False,1,True
64f9deb96da759857d9a3167223fc54b4da2ebfc1eb9acbc22b0298279e992e2,mold,60,0.8187741211424027,0.816526405652625,0.016666666666666666,0.12909944487358055,1.0,True,True,0,True
64f9deb96da759857d9a3167223fc54b4da2ebfc1eb9acbc22b0298279e992e2,water damage,60,0.8991619216989442,0.8991619216989439,0.05,0.22360679774997896,0.95,True,True,0,False
64f9deb96da759857d9a3167223fc54b4da2ebfc1eb9acbc22b0298279e992e2,weather,60,0.9926647067736588,0.990433639006069,1.0833333333333333,1.52206000757745,1.0,True,True,0,True
655277787138d5af581176b469d0bb121c1f49cb9c45c745d746c73e2c8f8681,FEMA assistance,60,,,0.0,0.0,1.0,True,True,0,True
655277787138d5af581176b469d0bb121c1f49cb9c45c745d746c73e2c8f8681,flood cleanup,60,,,0.0,0.0,1.0,True,True,0,True
655277787138d5af581176b469d0bb121c1f49cb9c45c745d746c73e2c8f8681,flood insurance,60,,,0.0,0.0,1.0,True,True,0,True
655277787138d5af581176b469d0bb121c1f49cb9c45c745d746c73e2c8f8681,water removal,60,,,0.0,0.0,1.0,True,True,0,True
655277787138d5af581176b469d0bb121c1f49cb9c45c745d746c73e2c8f8681,weather,60,0.9948883105818725,0.9985931547878127,1.4,1.9578900207451218,1.0,True,True,0,True
6a394301f858dda97b8a70d80f9c2d218342ef751f3139146924fec07cc78477,flash flood,60,0.9999999999999999,0.9999999999999999,0.0,0.0,1.0,True,True,0,True
6a394301f858dda97b8a70d80f9c2d218342ef751f3139146924fec07cc78477,flood,60,0.9948559950598963,0.9164051087693897,0.08333333333333333,0.28867513459481287,0.95,False,True,0,False
6a394301f858dda97b8a70d80f9c2d218342ef751f3139146924fec07cc78477,flooding,60,0.9999999999999999,1.0,0.0,0.0,1.0,True,True,0,True
6a394301f858dda97b8a70d80f9c2d218342ef751f3139146924fec07cc78477,heavy rain,60,,,0.0,0.0,1.0,True,True,0,True
6a394301f858dda97b8a70d80f9c2d218342ef751f3139146924fec07cc78477,weather,60,0.998165108487079,0.9564444906810833,0.7,1.0327955589886444,1.0,True,True,0,True
6ac13ab7f1fdf12b69d6a813f8b2655e51173bf49ee2896ba0ca7b79c05b1f01,FEMA,60,,,0.0,0.0,1.0,True,True,0,True
6ac13ab7f1fdf12b69d6a813f8b2655e51173bf49ee2896ba0ca7b79c05b1f01,emergency,60,-0.048077331294735924,-0.049607025646051066,0.36666666666666664,1.1832159566199232,0.9,False,False,42,False
6ac13ab7f1fdf12b69d6a813f8b2655e51173bf49ee2896ba0ca7b79c05b1f01,evacuation,60,,,0.0,0.0,1.0,True,True,0,True
6ac13ab7f1fdf12b69d6a813f8b2655e51173bf49ee2896ba0ca7b79c05b1f01,shelter,60,0.372805537196303,0.3074747757234352,0.9,1.7701224063135672,0.7666666666666667,False,False,3,False
6ac13ab7f1fdf12b69d6a813f8b2655e51173bf49ee2896ba0ca7b79c05b1f01,weather,60,0.9943885051684057,0.9882526335992664,0.9833333333333333,1.3844373104863459,1.0,True,True,0,True
6b537e26de9aa014ade0b9d3c2c40a536f67f8854f3d0240da2336f86584bd2e,FEMA assistance,60,,,0.0,0.0,1.0,True,True,0,True
6b537e26de9aa014ade0b9d3c2c40a536f67f8854f3d0240da2336f86584bd2e,flood cleanup,60,,,0.0,0.0,1.0,True,True,0,True
6b537e26de9aa014ade0b9d3c2c40a536f67f8854f3d0240da2336f86584bd2e,flood insurance,60,,,0.03333333333333333,0.18257418583505536,0.9666666666666667,False,False,14,False
6b537e26de9aa014ade0b9d3c2c40a536f67f8854f3d0240da2336f86584bd2e,water removal,60,,,0.0,0.0,1.0,True,True,0,True
6b537e26de9aa014ade0b9d3c2c40a536f67f8854f3d0240da2336f86584bd2e,weather,60,0.9992796720816411,0.9984000702582666,0.48333333333333334,0.7187952884282609,1.0,True,False,35,True
6beb98a34a3c755a2c100a48182cad9fc548102a9ac6a2dcdf86b02a475a2390,outage,60,0.999761667011966,0.9106817236049677,0.16666666666666666,0.408248290463863,0.8833333333333333,True,True,0,False
6beb98a34a3c755a2c100a48182cad9fc548102a9ac6a2dcdf86b02a475a2390,road closed,60,-0.01694915254237288,-0.01694915254237288,0.03333333333333333,0.18257418583505536,0.9666666666666667,True,False,4,False
6beb98a34a3c755a2c100a48182cad9fc548102a9ac6a2dcdf86b02a475a2390,school closed,60,0.858395075278952,0.8583950752789521,0.016666666666666666,0.12909944487358055,0.9833333333333333,True,True,0,False
6beb98a34a3c755a2c100a48182cad9fc548102a9ac6a2dcdf86b02a475a2390,traffic,60,0.40951417967396103,0.4095141796739611,0.21666666666666667,0.4654746681256314,0.7833333333333333,True,False,1,False
6beb98a34a3c755a2c100a48182cad9fc548102a9ac6a2dcdf86b02a475a2390,weather,60,0.9991102256567124,0.997648139772429,0.45,0.7637626158259734,1.0,False,True,0,True
6d8b4e100af8bf3968681a42ce9985d07525eadc320522335d8bb218eed71f82,FEMA,60,,,0.0,0.0,1.0,True,True,0,True
6d8b4e100af8bf3968681a42ce9985d07525eadc320522335d8bb218eed71f82,emergency,60,,,0.0,0.0,1.0,True,True,0,True
6d8b4e100af8bf3968681a42ce9985d07525eadc320522335d8bb218eed71f82,evacuation,60,,,0.0,0.0,1.0,True,True,0,True
6d8b4e100af8bf3968681a42ce9985d07525eadc320522335d8bb218eed71f82,shelter,60,0.6253635012747126,0.6253635012747126,0.18333333333333332,0.4281744192888376,0.8166666666666667,True,True,0,False
6d8b4e100af8bf3968681a42ce9985d07525eadc320522335d8bb218eed71f82,weather,60,0.9983944036332225,0.9951955917800384,0.7166666666666667,1.0408329997330663,1.0,True,True,0,True
6e1bd5e3df1a9db5cd44b46ee59fd60fdb04f61c47ab4e58c939e5e86e1e328b,cleanup,60,,,0.016666666666666666,0.12909944487358055,0.9833333333333333,False,False,27,False
6e1bd5e3df1a9db5cd44b46ee59fd60fdb04f61c47ab4e58c939e5e86e1e328b,insurance,60,0.9921395092919832,0.9818246773262164,0.21666666666666667,0.4654746681256314,1.0,True,True,0,True
6e1bd5e3df1a9db5cd44b46ee59fd60fdb04f61c47ab4e58c939e5e86e1e328b,mold,60,0.7916666666666665,0.7916666666666666,0.06666666666666667,0.2581988897471611,1.0,True,True,0,True
6e1bd5e3df1a9db5cd44b46ee59fd60fdb04f61c47ab4e58c939e5e86e1e328b,water damage,60,,,0.03333333333333333,0.18257418583505536,0.9666666666666667,False,True,0,False
6e1bd5e3df1a9db5cd44b46ee59fd60fdb04f61c47ab4e58c939e5e86e1e328b,weather,60,0.9917541117247666,0.9848505949403533,1.55,2.0371548787463363,1.0,True,True,0,True
710763d1621295aeb48ee124a365e9b6f92bef0e5b3de8af73f44f5330f9859f,FEMA assistance,60,,,0.0,0.0,1.0,True,True,0,True
710763d1621295aeb48ee124a365e9b6f92bef0e5b3de8af73f44f5330f9859f,flood cleanup,60,,,0.0,0.0,1.0,True,True,0,True
710763d1621295aeb48ee124a365e9b6f92bef0e5b3de8af73f44f5330f9859f,flood insurance,60,,,0.0,0.0,1.0,True,True,0,True
710763d1621295aeb48ee124a365e9b6f92bef0e5b3de8af73f44f5330f9859f,water removal,60,,,0.0,0.0,1.0,True,True,0,True
710763d1621295aeb48ee124a365e9b6f92bef0e5b3de8af73f44f5330f9859f,weather,60,0.9867755577010872,0.9939074648472693,1.0166666666666666,2.5199206336708304,1.0,True,True,0,True
7433552f520e7c605704fb57ad34e49edb29b706881125602f5bee006283cf4e,cleanup,60,,,0.0,0.0,1.0,True,True,0,True
7433552f520e7c605704fb57ad34e49edb29b706881125602f5bee006283cf4e,insurance,60,0.957269430919763,0.8406889921019383,0.45,0.695221787153807,1.0,True,True,0,True
7433552f520e7c605704fb57ad34e49edb29b706881125602f5bee006283cf4e,mold,60,1.0,1.0,0.0,0.0,1.0,True,True,0,True
7433552f520e7c605704fb57ad34e49edb29b706881125602f5bee006283cf4e,water damage,60,1.0000000000000002,1.0,0.0,0.0,1.0,True,True,0,True
7433552f520e7c605704fb57ad34e49edb29b706881125602f5bee006283cf4e,weather,60,0.9943458057150181,0.9892585717646255,1.0333333333333334,1.4719601443879744,1.0,True,True,0,True
743cc08ac269623d8bf19b647a49a979951114e6eea957b9acd6ce7e91251dbd,outage,60,0.9683193511183662,0.8782351889602447,0.11666666666666667,0.3415650255319866,0.9166666666666666,True,True,0,False
743cc08ac269623d8bf19b647a49a979951114e6eea957b9acd6ce7e91251dbd,road closed,60,,,0.0,0.0,1.0,True,True,0,True
743cc08ac269623d8bf19b647a49a979951114e6eea957b9acd6ce7e91251dbd,school closed,60,,,0.0,0.0,1.0,True,True,0,True
743cc08ac269623d8bf19b647a49a979951114e6eea957b9acd6ce7e91251dbd,traffic,60,0.47155766038319696,0.47155766038319696,0.21666666666666667,0.4654746681256314,0.7833333333333333,True,True,0,False
743cc08ac269623d8bf19b647a49a979951114e6eea957b9acd6ce7e91251dbd,weather,60,0.9867755577010872,0.9939074648472693,1.0166666666666666,2.5199206336708304,1.0,True,True,0,True
7690276acd0c780dcdcdd6f2c1b56f658864835f6343cc106c46f8fd586e2466,cleanup,60,,,0.0,0.0,1.0,True,True,0,True
7690276acd0c780dcdcdd6f2c1b56f658864835f6343cc106c46f8fd586e2466,insurance,60,0.9625017425516867,0.9482226174791017,0.4,0.6324555320336759,1.0,True,True,0,True
7690276acd0c780dcdcdd6f2c1b56f658864835f6343cc106c46f8fd586e2466,mold,60,0.3779644730092271,0.37796447300922714,0.25,0.5,0.75,True,True,0,False
7690276acd0c780dcdcdd6f2c1b56f658864835f6343cc106c46f8fd586e2466,water damage,60,,,0.0,0.0,1.0,True,True,0,True
7690276acd0c780dcdcdd6f2c1b56f658864835f6343cc106c46f8fd586e2466,weather,60,0.9968653570327105,0.997800943742345,2.3666666666666667,2.6645825188948455,1.0,True,False,9,True
78f82a2c47a60358cbd93e34964ee6eadcd7b05069e550f89500296dbf671c04,outage,60,0.8494403470304746,0.5443971989803948,0.3333333333333333,0.7745966692414834,0.8333333333333334,True,True,0,False
78f82a2c47a60358cbd93e34964ee6eadcd7b05069e550f89500296dbf671c04,road closed,60,0.45004928495501123,0.3903989942033966,0.08333333333333333,0.3872983346207417,0.95,True,True,0,False
78f82a2c47a60358cbd93e34964ee6eadcd7b05069e550f89500296dbf671c04,school closed,60,,,0.03333333333333333,0.2581988897471611,0.9833333333333333,False,False,20,False
78f82a2c47a60358cbd93e34964ee6eadcd7b05069e550f89500296dbf671c04,traffic,60,0.522684769055992,0.6482563802844341,0.08333333333333333,0.3415650255319866,0.9666666666666667,True,False,6,False
78f82a2c47a60358cbd93e34964ee6eadcd7b05069e550f89500296dbf671c04,weather,60,0.9983869056403221,0.9975514430289454,0.48333333333333334,0.7416198487095663,1.0,True,True,0,True
7acb8d44a627b08b5a8188ecddb88fecc0866c6a7930d12239e79f65693dc425,outage,60,0.9771493986866702,0.9555676839899185,0.16666666666666666,0.408248290463863,1.0,False,True,0,True
7acb8d44a627b08b5a8188ecddb88fecc0866c6a7930d12239e79f65693dc425,road closed,60,,,0.0,0.0,1.0,True,True,0,True
7acb8d44a627b08b5a8188ecddb88fecc0866c6a7930d12239e79f65693dc425,school closed,60,,,0.0,0.0,1.0,True,True,0,True
7acb8d44a627b08b5a8188ecddb88fecc0866c6a7930d12239e79f65693dc425,traffic,60,0.8615796291548743,0.8548102189921907,0.06666666666666667,0.2581988897471611,1.0,True,True,0,True
7acb8d44a627b08b5a8188ecddb88fecc0866c6a7930d12239e79f65693dc425,weather,60,0.9831134250462336,0.978225812503485,3.566666666666667,4.358898943540674,1.0,True,False,42,True
7af483e712fbdcecbbb6b11507948e13daf8767ee57e628cbb764ea909aff88e,cleanup,60,,,0.0,0.0,1.0,True,True,0,True
7af483e712fbdcecbbb6b11507948e13daf8767ee57e628cbb764ea909aff88e,insurance,60,0.9463727897786716,0.857085627989209,0.8,1.1105554165971787,1.0,False,False,37,True
7af483e712fbdcecbbb6b11507948e13daf8767ee57e628cbb764ea909aff88e,mold,60,,,0.0,0.0,1.0,True,True,0,True
7af483e712fbdcecbbb6b11507948e13daf8767ee57e628cbb764ea909aff88e,water damage,60,,,0.0,0.0,1.0,True,True,0,True
7af483e712fbdcecbbb6b11507948e13daf8767ee57e628cbb764ea909aff88e,weather,60,0.9967279294698173,0.9892919672338362,3.1333333333333333,3.478505426185217,1.0,True,True,0,True
7c08bda56da52e32be9a361057adcdd20e9c99c1f314190493ffb0f9d5a83a90,cleanup,60,,,0.0,0.0,1.0,True,True,0,True
7c08bda56da52e32be9a361057adcdd20e9c99c1f314190493ffb0f9d5a83a90,insurance,60,0.9637048224199638,0.959317066898873,0.1,0.31622776601683794,1.0,True,True,0,True
7c08bda56da52e32be9a361057adcdd20e9c99c1f314190493ffb0f9d5a83a90,mold,60,0.513888888888889,0.5138888888888888,0.23333333333333334,0.48304589153964794,0.7666666666666667,True,True,0,False
7c08bda56da52e32be9a361057adcdd20e9c99c1f314190493ffb0f9d5a83a90,water damage,60,,,0.0,0.0,1.0,True,True,0,True
7c08bda56da52e32be9a361057adcdd20e9c99c1f314190493ffb0f9d5a83a90,weather,60,0.9974223108259695,0.995458020931954,0.6333333333333333,1.224744871391589,1.0,True,True,0,True
7d091723f2bad8cbb4928e0636129e100567645761fad5ccff4a228446f19f0a,FEMA,60,0.9751105292082417,0.9548688921731939,0.03333333333333333,0.18257418583505536,0.9666666666666667,True,True,0,False
7d091723f2bad8cbb4928e0636129e100567645761fad5ccff4a228446f19f0a,emergency,60,0.8874969842813694,0.7701346502129168,0.08333333333333333,0.28867513459481287,1.0,True,True,0,True
7d091723f2bad8cbb4928e0636129e100567645761fad5ccff4a228446f19f0a,evacuation,60,0.9559289977049177,0.8635478341512484,0.016666666666666666,0.12909944487358055,0.9833333333333333,True,True,0,False
7d091723f2bad8cbb4928e0636129e100567645761fad5ccff4a228446f19f0a,shelter,60,0.8094272134003795,0.8094272134003795,0.016666666666666666,0.12909944487358055,0.9833333333333333,True,True,0,False
7d091723f2bad8cbb4928e0636129e100567645761fad5ccff4a228446f19f0a,weather,60,0.9992990425298819,0.9956207050609004,0.5333333333333333,0.8563488385776752,1.0,True,True,0,True
7f3222c7d0346159edbbddd4e46f40a35861a32b7617db15a61531248127ac51,FEMA,60,0.8094272134003794,0.8094272134003795,0.016666666666666666,0.12909944487358055,0.9833333333333333,True,False,7,False
7f3222c7d0346159edbbddd4e46f40a35861a32b7617db15a61531248127ac51,emergency,60,0.6398714160014064,0.6161575381288206,0.2,0.4472135954999579,1.0,True,True,0,True
7f3222c7d0346159edbbddd4e46f40a35861a32b7617db15a61531248127ac51,evacuation,60,0.4871223004474547,0.48712230044745475,0.05,0.22360679774997896,0.95,True,False,9,False
7f3222c7d0346159edbbddd4e46f40a35861a32b7617db15a61531248127ac51,shelter,60,0.7946677805831073,0.6877706249144608,0.16666666666666666,0.408248290463863,1.0,True,True,0,True
7f3222c7d0346159edbbddd4e46f40a35861a32b7617db15a61531248127ac51,weather,60,0.9984435495814769,0.9972455626807909,0.7166666666666667,1.118033988749895,1.0,True,True,0,True
7f55100735402ca9006abd149065a7be2f25a6811cc2a834831dfab9ba1873ac,outage,60,0.999860482600905,0.9998673925694413,0.03333333333333333,0.18257418583505536,1.0,True,True,0,True
7f55100735402ca9006abd149065a7be2f25a6811cc2a834831dfab9ba1873ac,road closed,60,,,0.0,0.0,1.0,True,True,0,True
7f55100735402ca9006abd149065a7be2f25a6811cc2a834831dfab9ba1873ac,school closed,60,1.0000000000000002,1.0,0.0,0.0,1.0,True,True,0,True
7f55100735402ca9006abd149065a7be2f25a6811cc2a834831dfab9ba1873ac,traffic,60,0.6175780754487805,0.6293919270679723,0.1,0.31622776601683794,0.9333333333333333,False,False,39,False
7f55100735402ca9006abd149065a7be2f25a6811cc2a834831dfab9ba1873ac,weather,60,0.9992990425298819,0.9956207050609004,0.5333333333333333,0.8563488385776752,1.0,True,True,0,True
83e30dbb77a08f52baa11e1ad6fca4d0460a243757bbf394cca06f3f18a028d6,FEMA,60,1.0,1.0000000000000002,0.0,0.0,1.0,True,True,0,True
83e30dbb77a08f52baa11e1ad6fca4d0460a243757bbf394cca06f3f18a028d6,emergency,60,0.6260126930757012,0.6115143421662336,0.13333333333333333,0.3651483716701107,1.0,True,True,0,True
83e30dbb77a08f52baa11e1ad6fca4d0460a243757bbf394cca06f3f18a028d6,evacuation,60,,,0.0,0.0,1.0,True,True,0,True
83e30dbb77a08f52baa11e1ad6fca4d0460a243757bbf394cca06f3f18a028d6,shelter,60,0.5865765738514722,0.5865765738514723,0.18333333333333332,0.4281744192888376,1.0,True,False,1,True
83e30dbb77a08f52baa11e1ad6fca4d0460a243757bbf394cca06f3f18a028d6,weather,60,0.994830092193092,0.9924872797016768,1.6,2.008316044185609,1.0,True,True,0,True
83f8639b6a324f65732ae6ada214bdf2524bc62250084194ca307f564a8dfeed,outage,60,0.8945567297071201,0.8613724911508549,0.23333333333333334,0.48304589153964794,0.9333333333333333,False,True,0,False
83f8639b6a324f65732ae6ada214bdf2524bc62250084194ca307f564a8dfeed,road closed,60,,,0.016666666666666666,0.12909944487358055,0.9833333333333333,False,False,13,False
83f8639b6a324f65732ae6ada214bdf2524bc62250084194ca307f564a8dfeed,school closed,60,,,0.0,0.0,1.0,True,True,0,True
83f8639b6a324f65732ae6ada214bdf2524bc62250084194ca307f564a8dfeed,traffic,60,0.8450946643717728,0.6932639491182423,0.2,0.4472135954999579,1.0,True,True,0,True
83f8639b6a324f65732ae6ada214bdf2524bc62250084194ca307f564a8dfeed,weather,60,0.9984435495814769,0.9972455626807909,0.7166666666666667,1.118033988749895,1.0,True,True,0,True
84463cb8c1c7bd509d03be8b8e0aa6a4627f59f3a880220f5cf8ee7a992f0c46,FEMA,60,,,0.0,0.0,1.0,True,True,0,True
84463cb8c1c7bd509d03be8b8e0aa6a4627f59f3a880220f5cf8ee7a992f0c46,emergency,60,0.9878631306543775,0.7081307815397561,0.36666666666666664,0.6324555320336759,0.7833333333333333,False,True,0,False
84463cb8c1c7bd509d03be8b8e0aa6a4627f59f3a880220f5cf8ee7a992f0c46,evacuation,60,,,0.0,0.0,1.0,True,True,0,True
84463cb8c1c7bd509d03be8b8e0aa6a4627f59f3a880220f5cf8ee7a992f0c46,shelter,60,0.3501316697466602,0.37462916122621864,0.4,0.7071067811865476,0.7,True,False,8,False
84463cb8c1c7bd509d03be8b8e0aa6a4627f59f3a880220f5cf8ee7a992f0c46,weather,60,0.9992208605515491,0.9966417452224076,0.45,0.7187952884282609,1.0,True,True,0,True
84c45a133edbc4737b5a13b0729321e4fd7470af00f5cc86a0ff075883792561,cleanup,60,,,0.0,0.0,1.0,True,True,0,True
84c45a133edbc4737b5a13b0729321e4fd7470af00f5cc86a0ff075883792561,insurance,60,0.9837588904746238,0.9610625811063401,0.2,0.4472135954999579,1.0,True,False,6,True
84c45a133edbc4737b5a13b0729321e4fd7470af00f5cc86a0ff075883792561,mold,60,,,0.0,0.0,1.0,True,True,0,True
84c45a133edbc4737b5a13b0729321e4fd7470af00f5cc86a0ff075883792561,water damage,60,,,0.0,0.0,1.0,True,True,0,True
84c45a133edbc4737b5a13b0729321e4fd7470af00f5cc86a0ff075883792561,weather,60,0.9936055678653757,0.9878655222708337,1.6166666666666667,2.224859546128699,1.0,True,True,0,True
84f7c193c1ceec71a425eea0f36f107801487ac674d455f648e5ba36c5bef678,FEMA,60,1.0000000000000002,1.0,0.0,0.0,1.0,True,True,0,True
84f7c193c1ceec71a425eea0f36f107801487ac674d455f648e5ba36c5bef678,emergency,60,0.8540810683192426,0.8523695063075803,0.06666666666666667,0.2581988897471611,1.0,True,True,0,True
84f7c193c1ceec71a425eea0f36f107801487ac674d455f648e5ba36c5bef678,evacuation,60,0.9999999999999998,1.0,0.0,0.0,1.0,True,True,0,True
84f7c193c1ceec71a425eea0f36f107801487ac674d455f648e5ba36c5bef678,shelter,60,0.567480306535024,0.5674803065350239,0.03333333333333333,0.18257418583505536,1.0,True,False,49,True
84f7c193c1ceec71a425eea0f36f107801487ac674d455f648e5ba36c5bef678,weather,60,0.9917541117247666,0.9848505949403533,1.55,2.0371548787463363,1.0,True,True,0,True
853df1bbc4efa92419d2c1ae0669d39409266c281fb63d6ca2ccc80f6c46e04c,flash flood,60,1.0000000000000002,1.0,0.0,0.0,1.0,True,True,0,True
853df1bbc4efa92419d2c1ae0669d39409266c281fb63d6ca2ccc80f6c46e04c,flood,60,0.9274061563347762,0.76198627253051,0.16666666666666666,0.408248290463863,0.8333333333333334,True,True,0,False
853df1bbc4efa92419d2c1ae0669d39409266c281fb63d6ca2ccc80f6c46e04c,flooding,60,0.9934474676016241,0.99699278618668,0.06666666666666667,0.2581988897471611,1.0,False,True,0,True
853df1bbc4efa92419d2c1ae0669d39409266c281fb63d6ca2ccc80f6c46e04c,heavy rain,60,,,0.0,0.0,1.0,True,True,0,True
853df1bbc4efa92419d2c1ae0669d39409266c281fb63d6ca2ccc80f6c46e04c,weather,60,0.9821818797913069,0.9771289546212615,4.233333333333333,5.039841267341661,1.0,True,False,42,True
88ae9a9ee22efd05c8b812278bad1ebe1f38d7de94a3adda3523abf7121361d1,FEMA,60,,,0.0,0.0,1.0,True,True,0,True
88ae9a9ee22efd05c8b812278bad1ebe1f38d7de94a3adda3523abf7121361d1,emergency,60,0.3733221884614501,0.3538505918221375,0.18333333333333332,0.4281744192888376,1.0,True,True,0,True
88ae9a9ee22efd05c8b812278bad1ebe1f38d7de94a3adda3523abf7121361d1,evacuation,60,,,0.016666666666666666,0.12909944487358055,0.9833333333333333,False,False,12,False
88ae9a9ee22efd05c8b812278bad1ebe1f38d7de94a3adda3523abf7121361d1,shelter,60,,,0.05,0.22360679774997896,1.0,False,False,17,True
88ae9a9ee22efd05c8b812278bad1ebe1f38d7de94a3adda3523abf7121361d1,weather,60,0.9739100240974733,0.9883920212068884,6.783333333333333,7.75134396948899,1.0,True,False,7,True
8b8d29fbd7577465b00a459397fa08ed7b9941be37c474435308883ccbe3d85b,cleanup,60,,,0.0,0.0,1.0,True,True,0,True
8b8d29fbd7577465b00a459397fa08ed7b9941be37c474435308883ccbe3d85b,insurance,60,0.976675520089518,0.9833221531366269,0.016666666666666666,0.12909944487358055,1.0,True,True,0,True
8b8d29fbd7577465b00a459397fa08ed7b9941be37c474435308883ccbe3d85b,mold,60,,,0.0,0.0,1.0,True,True,0,True
8b8d29fbd7577465b00a459397fa08ed7b9941be37c474435308883ccbe3d85b,water damage,60,,,0.0,0.0,1.0,True,True,0,True
8b8d29fbd7577465b00a459397fa08ed7b9941be37c474435308883ccbe3d85b,weather,60,0.9983944036332225,0.9951955917800384,0.7166666666666667,1.0408329997330663,1.0,True,True,0,True
8d34bf43634d9b5c31311ca30f86469f7297de66994e004782e148e8526ccd5f,cleanup,60,,,0.0,0.0,1.0,True,True,0,True
8d34bf43634d9b5c31311ca30f86469f7297de66994e004782e148e8526ccd5f,insurance,60,0.9629303690932706,0.9598859741681909,0.5666666666666667,0.816496580927726,1.0,False,True,0,True
8d34bf43634d9b5c31311ca30f86469f7297de66994e004782e148e8526ccd5f,mold,60,0.9293203772845852,0.929320377284585,0.03333333333333333,0.18257418583505536,1.0,True,True,0,True
8d34bf43634d9b5c31311ca30f86469f7297de66994e004782e148e8526ccd5f,water damage,60,,,0.0,0.0,1.0,True,True,0,True
8d34bf43634d9b5c31311ca30f86469f7297de66994e004782e148e8526ccd5f,weather,60,0.9971816312088955,0.9866262706438017,1.1666666666666667,1.7795130420052185,1.0,True,True,0,True
8f038b1d6c87a534aefa1504692420a678bfc50fbd02ec47e9f216562e2043d0,FEMA,60,0.8382749326145552,0.8382749326145554,0.03333333333333333,0.18257418583505536,0.9666666666666667,True,True,0,False
8f038b1d6c87a534aefa1504692420a678bfc50fbd02ec47e9f216562e2043d0,emergency,60,0.9698642044799168,0.6526602226072088,0.23333333333333334,0.48304589153964794,1.0,False,True,0,True
8f038b1d6c87a534aefa1504692420a678bfc50fbd02ec47e9f216562e2043d0,evacuation,60,1.0000000000000002,1.0,0.0,0.0,1.0,True,True,0,True
8f038b1d6c87a534aefa1504692420a678bfc50fbd02ec47e9f216562e2043d0,shelter,60,0.5640760748177662,0.5640760748177662,0.26666666666666666,0.5163977794943222,1.0,True,True,0,True
8f038b1d6c87a534aefa1504692420a678bfc50fbd02ec47e9f216562e2043d0,weather,60,0.9847017009029183,0.981994341641147,3.783333333333333,4.598912915026768,1.0,True,False,1,True
93d0edadd67ded4c741ef66ce0c82ca3ff39028aa06e3a8a98793c7e3f1e0c9f,FEMA assistance,60,,,0.0,0.0,1.0,True,True,0,True
93d0edadd67ded4c741ef66ce0c82ca3ff39028aa06e3a8a98793c7e3f1e0c9f,flood cleanup,60,,,0.0,0.0,1.0,True,True,0,True
93d0edadd67ded4c741ef66ce0c82ca3ff39028aa06e3a8a98793c7e3f1e0c9f,flood insurance,60,,,0.0,0.0,1.0,True,True,0,True
93d0edadd67ded4c741ef66ce0c82ca3ff39028aa06e3a8a98793c7e3f1e0c9f,water removal,60,,,0.016666666666666666,0.12909944487358055,0.9833333333333333,False,False,22,False
93d0edadd67ded4c741ef66ce0c82ca3ff39028aa06e3a8a98793c7e3f1e0c9f,weather,60,0.9968653570327105,0.997800943742345,2.3666666666666667,2.6645825188948455,1.0,True,False,9,True
93d8b1ec8c2ef6fdad06d43912835345521d708185786d1eee02cb83e6206ff9,FEMA assistance,60,,,0.0,0.0,1.0,True,True,0,True
93d8b1ec8c2ef6fdad06d43912835345521d708185786d1eee02cb83e6206ff9,flood cleanup,60,,,0.0,0.0,1.0,True,True,0,True
93d8b1ec8c2ef6fdad06d43912835345521d708185786d1eee02cb83e6206ff9,flood insurance,60,,,0.0,0.0,1.0,True,True,0,True
93d8b1ec8c2ef6fdad06d43912835345521d708185786d1eee02cb83e6206ff9,water removal,60,,,0.0,0.0,1.0,True,True,0,True
93d8b1ec8c2ef6fdad06d43912835345521d708185786d1eee02cb83e6206ff9,weather,60,0.9926647067736588,0.990433639006069,1.0833333333333333,1.52206000757745,1.0,True,True,0,True
94f2ae7239a94f9bdce86c31f81378289bc6a70c300cf43d5300d4f20b0d5026,outage,60,0.9820474082305017,0.9230844886536225,0.016666666666666666,0.12909944487358055,1.0,True,True,0,True
94f2ae7239a94f9bdce86c31f81378289bc6a70c300cf43d5300d4f20b0d5026,road closed,60,,,0.0,0.0,1.0,True,True,0,True
94f2ae7239a94f9bdce86c31f81378289bc6a70c300cf43d5300d4f20b0d5026,school closed,60,,,0.0,0.0,1.0,True,True,0,True
94f2ae7239a94f9bdce86c31f81378289bc6a70c300cf43d5300d4f20b0d5026,traffic,60,0.8406201919954073,0.8360725953717598,0.03333333333333333,0.18257418583505536,1.0,True,True,0,True
94f2ae7239a94f9bdce86c31f81378289bc6a70c300cf43d5300d4f20b0d5026,weather,60,0.9937106047774946,0.9829633754916499,1.5,1.906130460732773,1.0,True,True,0,True
96912a286ca2881074d365df75a0a161493c141e228fe984d0844cd955ce67a1,outage,60,0.8946444249341527,0.8751615881809788,0.06666666666666667,0.2581988897471611,0.9333333333333333,True,True,0,False
96912a286ca2881074d365df75a0a161493c141e228fe984d0844cd955ce67a1,road closed,60,,,0.0,0.0,1.0,True,True,0,True
96912a286ca2881074d365df75a0a161493c141e228fe984d0844cd955ce67a1,school closed,60,,,0.0,0.0,1.0,True,True,0,True
96912a286ca2881074d365df75a0a161493c141e228fe984d0844cd955ce67a1,traffic,60,0.8896620809282259,0.8812115586035907,0.06666666666666667,0.2581988897471611,1.0,True,True,0,True
96912a286ca2881074d365df75a0a161493c141e228fe984d0844cd955ce67a1,weather,60,0.9805248851149908,0.9790502218858875,2.05,2.6987651497181693,1.0,True,True,0,True
96a5f63627cbedf2cb478c6436bdbdb4fc6c892242d1e4aabcf6a87bc35146a2,FEMA assistance,60,,,0.016666666666666666,0.12909944487358055,0.9833333333333333,False,False,42,False
96a5f63627cbedf2cb478c6436bdbdb4fc6c892242d1e4aabcf6a87bc35146a2,flood cleanup,60,,,0.0,0.0,1.0,True,True,0,True
96a5f63627cbedf2cb478c6436bdbdb4fc6c892242d1e4aabcf6a87bc35146a2,flood insurance,60,,,0.05,0.28867513459481287,0.9666666666666667,False,False,49,False
96a5f63627cbedf2cb478c6436bdbdb4fc6c892242d1e4aabcf6a87bc35146a2,water removal,60,,,0.016666666666666666,0.12909944487358055,0.9833333333333333,False,False,37,False
96a5f63627cbedf2cb478c6436bdbdb4fc6c892242d1e4aabcf6a87bc35146a2,weather,60,0.9983801113420737,0.9961285666078555,0.4,0.6831300510639732,1.0,True,True,0,True
97dbbe2b2ce1b42c9b1222c558a05879f59ba42f78d200f2bb90e9e5f45f2d39,flash flood,60,1.0000000000000002,1.0,0.0,0.0,1.0,True,True,0,True
97dbbe2b2ce1b42c9b1222c558a05879f59ba42f78d200f2bb90e9e5f45f2d39,flood,60,0.9843562480764655,0.9065569622356577,0.06666666666666667,0.2581988897471611,0.95,True,True,0,False
97dbbe2b2ce1b42c9b1222c558a05879f59ba42f78d200f2bb90e9e5f45f2d39,flooding,60,0.9404809683256771,0.8810541621185094,0.06666666666666667,0.2581988897471611,0.95,True,True,0,False
97dbbe2b2ce1b42c9b1222c558a05879f59ba42f78d200f2bb90e9e5f45f2d39,heavy rain,60,,,0.0,0.0,1.0,True,True,0,True
97dbbe2b2ce1b42c9b1222c558a05879f59ba42f78d200f2bb90e9e5f45f2d39,weather,60,0.9791175273883309,0.9233052612559822,1.7666666666666666,2.949576240750525,1.0,True,False,14,True
9864b8bd85356fe3fa13730fcde3f8acabcad78dec208e705dacc224493ed553,FEMA assistance,60,,,0.0,0.0,1.0,True,True,0,True
9864b8bd85356fe3fa13730fcde3f8acabcad78dec208e705dacc224493ed553,flood cleanup,60,,,0.016666666666666666,0.12909944487358055,0.9833333333333333,False,False,58,False
9864b8bd85356fe3fa13730fcde3f8acabcad78dec208e705dacc224493ed553,flood insurance,60,,,0.0,0.0,1.0,True,True,0,True
9864b8bd85356fe3fa13730fcde3f8acabcad78dec208e705dacc224493ed553,water removal,60,,,0.03333333333333333,0.18257418583505536,0.9666666666666667,False,False,21,False
9864b8bd85356fe3fa13730fcde3f8acabcad78dec208e705dacc224493ed553,weather,60,0.9965600892659864,0.9958786436055963,1.35,1.5652475842498528,1.0,True,True,0,True
997b193b73e77094fc05ad3e9ca02e2312779a0230fecd8f7baf8921007958ae,FEMA assistance,60,,,0.0,0.0,1.0,True,True,0,True
997b193b73e77094fc05ad3e9ca02e2312779a0230fecd8f7baf8921007958ae,flood cleanup,60,,,0.0,0.0,1.0,True,True,0,True
997b193b73e77094fc05ad3e9ca02e2312779a0230fecd8f7baf8921007958ae,flood insurance,60,,,0.0,0.0,1.0,True,True,0,True
997b193b73e77094fc05ad3e9ca02e2312779a0230fecd8f7baf8921007958ae,water removal,60,,,0.0,0.0,1.0,True,True,0,True
997b193b73e77094fc05ad3e9ca02e2312779a0230fecd8f7baf8921007958ae,weather,60,0.9983869056403221,0.9975514430289454,0.48333333333333334,0.7416198487095663,1.0,True,True,0,True
99a92e15ebb4ecaf842379a33b337f463cae625ea47a23b1fc9fe748007b27db,cleanup,60,,,0.016666666666666666,0.12909944487358055,0.9833333333333333,False,False,41,False
99a92e15ebb4ecaf842379a33b337f463cae625ea47a23b1fc9fe748007b27db,insurance,60,0.9301996663234479,0.9006144555912343,0.38333333333333336,0.6191391873668903,1.0,True,False,15,True
99a92e15ebb4ecaf842379a33b337f463cae625ea47a23b1fc9fe748007b27db,mold,60,0.5293330621827872,0.5293330621827872,0.21666666666666667,0.4654746681256314,0.7833333333333333,True,False,1,False
99a92e15ebb4ecaf842379a33b337f463cae625ea47a23b1fc9fe748007b27db,water damage,60,,,0.0,0.0,1.0,True,True,0,True
99a92e15ebb4ecaf842379a33b337f463cae625ea47a23b1fc9fe748007b27db,weather,60,0.9985671713523105,0.9968785282049082,1.7166666666666666,1.9017535767461216,1.0,True,True,0,True
9aeb6c19b4a980bfca081183cf5e787ab3ab7f3b622d1b073c7c129b17ab4666,outage,60,0.9303327219167925,0.8755849314933687,0.3333333333333333,0.6055300708194983,0.8333333333333334,True,False,9,False
9aeb6c19b4a980bfca081183cf5e787ab3ab7f3b622d1b073c7c129b17ab4666,road closed,60,,,0.0,0.0,1.0,True,True,0,True
9aeb6c19b4a980bfca081183cf5e787ab3ab7f3b622d1b073c7c129b17ab4666,school closed,60,-0.024175473851486187,-0.02417547385148619,0.05,0.22360679774997896,0.95,True,False,15,False
9aeb6c19b4a980bfca081183cf5e787ab3ab7f3b622d1b073c7c129b17ab4666,traffic,60,0.7781432847646158,0.7696594222819513,0.3,0.5477225575051661,0.8833333333333333,False,False,9,False
9aeb6c19b4a980bfca081183cf5e787ab3ab7f3b622d1b073c7c129b17ab4666,weather,60,0.9991332801176876,0.9985102569490569,0.2833333333333333,0.5322906474223771,1.0,True,True,0,True
9cf492df767605546614e902bb612ffacac3523f4ecc039165230162185b0c26,flash flood,60,,,0.03333333333333333,0.18257418583505536,0.9666666666666667,False,False,4,False
9cf492df767605546614e902bb612ffacac3523f4ecc039165230162185b0c26,flood,60,0.9960388669270415,0.9371674629018925,0.16666666666666666,0.408248290463863,1.0,False,True,0,True
9cf492df767605546614e902bb612ffacac3523f4ecc039165230162185b0c26,flooding,60,0.9957158695217045,0.9335562407798257,0.1,0.31622776601683794,0.9166666666666666,False,True,0,False
9cf492df767605546614e902bb612ffacac3523f4ecc039165230162185b0c26,heavy rain,60,0.5518254055364692,0.5518254055364692,0.05,0.22360679774997896,0.95,True,False,3,False
9cf492df767605546614e902bb612ffacac3523f4ecc039165230162185b0c26,weather,60,0.9965600892659864,0.9958786436055963,1.35,1.5652475842498528,1.0,True,True,0,True
9fd55a0d5017a3187f3a7c0a08d6a0d13157227bfaa888f575e56a2856c546bf,FEMA assistance,60,,,0.016666666666666666,0.12909944487358055,0.9833333333333333,False,False,5,False
9fd55a0d5017a3187f3a7c0a08d6a0d13157227bfaa888f575e56a2856c546bf,flood cleanup,60,,,0.016666666666666666,0.12909944487358055,0.9833333333333333,False,False,52,False
9fd55a0d5017a3187f3a7c0a08d6a0d13157227bfaa888f575e56a2856c546bf,flood insurance,60,,,0.0,0.0,1.0,True,True,0,True
9fd55a0d5017a3187f3a7c0a08d6a0d13157227bfaa888f575e56a2856c546bf,water removal,60,,,0.016666666666666666,0.12909944487358055,0.9833333333333333,False,False,7,False
9fd55a0d5017a3187f3a7c0a08d6a0d13157227bfaa888f575e56a2856c546bf,weather,60,0.9991332801176876,0.9985102569490569,0.2833333333333333,0.5322906474223771,1.0,True,True,0,True
a084be913a4cc06841cc12f1d806f6809ab574fb358f8ea9e84a575a75f4e237,cleanup,60,,,0.0,0.0,1.0,True,True,0,True
a084be913a4cc06841cc12f1d806f6809ab574fb358f8ea9e84a575a75f4e237,insurance,60,0.9867655766202833,0.9448293389362896,0.36666666666666664,0.6055300708194983,1.0,False,True,0,True
a084be913a4cc06841cc12f1d806f6809ab574fb358f8ea9e84a575a75f4e237,mold,60,0.8296455196719188,0.8296455196719188,0.03333333333333333,0.18257418583505536,1.0,True,True,0,True
a084be913a4cc06841cc12f1d806f6809ab574fb358f8ea9e84a575a75f4e237,water damage,60,1.0,1.0,0.0,0.0,1.0,True,True,0,True
a084be913a4cc06841cc12f1d806f6809ab574fb358f8ea9e84a575a75f4e237,weather,60,0.994830092193092,0.9924872797016768,1.6,2.008316044185609,1.0,True,True,0,True
a2f3fef3d49c8e6730f0a7534a7d1f53399153befed30417ff7ee8828451c5fc,FEMA,60,,,0.016666666666666666,0.12909944487358055,0.9833333333333333,False,False,29,False
a2f3fef3d49c8e6730f0a7534a7d1f53399153befed30417ff7ee8828451c5fc,emergency,60,1.0,1.0,0.0,0.0,1.0,True,True,0,True
a2f3fef3d49c8e6730f0a7534a7d1f53399153befed30417ff7ee8828451c5fc,evacuation,60,,,0.0,0.0,1.0,True,True,0,True
a2f3fef3d49c8e6730f0a7534a7d1f53399153befed30417ff7ee8828451c5fc,shelter,60,,,0.0,0.0,1.0,True,True,0,True
a2f3fef3d49c8e6730f0a7534a7d1f53399153befed30417ff7ee8828451c5fc,weather,60,0.9965856169148125,0.9892016755059287,1.2666666666666666,1.7126976771553504,1.0,True,True,0,True
a49d6f58f235a099613c1d50137d1ca508c8cc571cb045832d76179d093f2d07,FEMA assistance,60,,,0.0,0.0,1.0,True,True,0,True
a49d6f58f235a099613c1d50137d1ca508c8cc571cb045832d76179d093f2d07,flood cleanup,60,,,0.0,0.0,1.0,True,True,0,True
a49d6f58f235a099613c1d50137d1ca508c8cc571cb045832d76179d093f2d07,flood insurance,60,,,0.0,0.0,1.0,True,True,0,True
a49d6f58f235a099613c1d50137d1ca508c8cc571cb045832d76179d093f2d07,water removal,60,,,0.03333333333333333,0.18257418583505536,0.9666666666666667,False,False,3,False
a49d6f58f235a099613c1d50137d1ca508c8cc571cb045832d76179d093f2d07,weather,60,0.9992208605515491,0.9966417452224076,0.45,0.7187952884282609,1.0,True,True,0,True
a53a6243e31a883f0b1b2e499a317c7b7fd5964d0b4b82a52f37dcb6756b5d38,FEMA,60,,,0.0,0.0,1.0,True,True,0,True
a53a6243e31a883f0b1b2e499a317c7b7fd5964d0b4b82a52f37dcb6756b5d38,emergency,60,0.6608172809936808,0.5535547526371523,0.26666666666666666,0.5163977794943222,1.0,True,True,0,True
a53a6243e31a883f0b1b2e499a317c7b7fd5964d0b4b82a52f37dcb6756b5d38,evacuation,60,,,0.0,0.0,1.0,True,True,0,True
a53a6243e31a883f0b1b2e499a317c7b7fd5964d0b4b82a52f37dcb6756b5d38,shelter,60,0.4670993664969138,0.46709936649691375,0.08333333333333333,0.28867513459481287,1.0,True,False,5,True
a53a6243e31a883f0b1b2e499a317c7b7fd5964d0b4b82a52f37dcb6756b5d38,weather,60,0.9831134250462336,0.978225812503485,3.566666666666667,4.358898943540674,1.0,True,False,42,True
a7800b7913705d000b6d7f8af84a39537da167819fb462afa6b2f47567da1ea5,cleanup,60,,,0.0,0.0,1.0,True,True,0,True
a7800b7913705d000b6d7f8af84a39537da167819fb462afa6b2f47567da1ea5,insurance,60,0.9832216027919706,0.9567947070549887,0.05,0.22360679774997896,1.0,False,False,21,True
a7800b7913705d000b6d7f8af84a39537da167819fb462afa6b2f47567da1ea5,mold,60,0.5584169364130649,0.558416936413065,0.16666666666666666,0.408248290463863,0.8333333333333334,True,True,0,False
a7800b7913705d000b6d7f8af84a39537da167819fb462afa6b2f47567da1ea5,water damage,60,,,0.0,0.0,1.0,True,True,0,True
a7800b7913705d000b6d7f8af84a39537da167819fb462afa6b2f47567da1ea5,weather,60,0.9928767710676867,0.9775201835274074,1.1666666666666667,1.6931233465600393,1.0,True,True,0,True
a7ecead0e789840871eb68255c4e597ac48937e9bd83910c80030d105577e161,FEMA assistance,60,,,0.0,0.0,1.0,True,True,0,True
a7ecead0e789840871eb68255c4e597ac48937e9bd83910c80030d105577e161,flood cleanup,60,,,0.0,0.0,1.0,True,True,0,True
a7ecead0e789840871eb68255c4e597ac48937e9bd83910c80030d105577e161,flood insurance,60,,,0.016666666666666666,0.12909944487358055,0.9833333333333333,False,False,31,False
a7ecead0e789840871eb68255c4e597ac48937e9bd83910c80030d105577e161,water removal,60,,,0.0,0.0,1.0,True,True,0,True
a7ecead0e789840871eb68255c4e597ac48937e9bd83910c80030d105577e161,weather,60,0.9962416708271465,0.9957584695401812,1.6,2.16794833886788,1.0,True,False,1,True
a8021e72c49f2c9d8c379d47ae526f943baeff40d790d13331c53d735fdfe018,FEMA,60,,,0.0,0.0,1.0,True,True,0,True
a8021e72c49f2c9d8c379d47ae526f943baeff40d790d13331c53d735fdfe018,emergency,60,0.7468671973263984,0.7468671973263984,0.11666666666666667,0.3415650255319866,1.0,True,True,0,True
a8021e72c49f2c9d8c379d47ae526f943baeff40d790d13331c53d735fdfe018,evacuation,60,,,0.0,0.0,1.0,True,True,0,True
a8021e72c49f2c9d8c379d47ae526f943baeff40d790d13331c53d735fdfe018,shelter,60,,,0.0,0.0,1.0,True,True,0,True
a8021e72c49f2c9d8c379d47ae526f943baeff40d790d13331c53d735fdfe018,weather,60,0.9978386781906582,0.9940121813676479,0.7,0.9660917830792959,1.0,True,True,0,True
a90e02397c30bbbe02e08a0c7bce86455547aff4e83333e3eaacb0b6e7b20aa1,flash flood,60,1.0000000000000002,1.0,0.0,0.0,1.0,True,True,0,True
a90e02397c30bbbe02e08a0c7bce86455547aff4e83333e3eaacb0b6e7b20aa1,flood,60,0.9102627525007633,0.816526405652625,0.016666666666666666,0.12909944487358055,0.9833333333333333,True,True,0,False
a90e02397c30bbbe02e08a0c7bce86455547aff4e83333e3eaacb0b6e7b20aa1,flooding,60,0.7010887416930995,0.7010887416930995,0.016666666666666666,0.12909944487358055,0.9833333333333333,True,True,0,False
a90e02397c30bbbe02e08a0c7bce86455547aff4e83333e3eaacb0b6e7b20aa1,heavy rain,60,,,0.0,0.0,1.0,True,True,0,True
a90e02397c30bbbe02e08a0c7bce86455547aff4e83333e3eaacb0b6e7b20aa1,weather,60,0.9972348535957776,0.9978141026835029,0.5666666666666667,1.2382783747337807,1.0,True,True,0,True
aa92e53335af02781a1b5c2e449118cc4b5909df47779a45e55fa8801b619219,flash flood,60,1.0000000000000002,1.0,0.0,0.0,1.0,True,True,0,True
aa92e53335af02781a1b5c2e449118cc4b5909df47779a45e55fa8801b619219,flood,60,0.9999999999999999,1.0,0.0,0.0,1.0,True,True,0,True
aa92e53335af02781a1b5c2e449118cc4b5909df47779a45e55fa8801b619219,flooding,60,0.9332591768631812,0.9237726098191215,0.03333333333333333,0.18257418583505536,0.9666666666666667,True,True,0,False
aa92e53335af02781a1b5c2e449118cc4b5909df47779a45e55fa8801b619219,heavy rain,60,,,0.0,0.0,1.0,True,True,0,True
aa92e53335af02781a1b5c2e449118cc4b5909df47779a45e55fa8801b619219,weather,60,0.993811786522289,0.9919653737944146,0.9833333333333333,1.408308678285174,1.0,True,True,0,True
aafad9fa5769a4de4e340a032309667f22d4beb953c1c38c204d1a1ca6e21730,outage,60,0.9984184391191102,0.9840811329327906,0.06666666666666667,0.31622776601683794,0.9833333333333333,True,True,0,False
aafad9fa5769a4de4e340a032309667f22d4beb953c1c38c204d1a1ca6e21730,road closed,60,,,0.0,0.0,1.0,True,True,0,True
aafad9fa5769a4de4e340a032309667f22d4beb953c1c38c204d1a1ca6e21730,school closed,60,,,0.0,0.0,1.0,True,True,0,True
aafad9fa5769a4de4e340a032309667f22d4beb953c1c38c204d1a1ca6e21730,traffic,60,0.9686819589225404,0.9082727287672232,0.05,0.22360679774997896,0.95,True,True,0,False
aafad9fa5769a4de4e340a032309667f22d4beb953c1c38c204d1a1ca6e21730,weather,60,0.9983944036332225,0.9951955917800384,0.7166666666666667,1.0408329997330663,1.0,True,True,0,True
add748db72638952d1cbf5a6b44229d38fe3c161855deb6b820893afec35bcc1,cleanup,60,,,0.0,0.0,1.0,True,True,0,True
add748db72638952d1cbf5a6b44229d38fe3c161855deb6b820893afec35bcc1,insurance,60,0.95940208841803,0.8969582583489883,0.3,0.5477225575051661,1.0,False,True,0,True
add748db72638952d1cbf5a6b44229d38fe3c161855deb6b820893afec35bcc1,mold,60,0.858395075278952,0.8583950752789521,0.016666666666666666,0.12909944487358055,0.9833333333333333,True,True,0,False
add748db72638952d1cbf5a6b44229d38fe3c161855deb6b820893afec35bcc1,water damage,60,,,0.0,0.0,1.0,True,True,0,True
add748db72638952d1cbf5a6b44229d38fe3c161855deb6b820893afec35bcc1,weather,60,0.9942857599418853,0.9903653156982821,2.2333333333333334,2.780887148615228,1.0,True,True,0,True
afa6280a569c4c476cf806229edd821c463f5b4f5010411fde2fd830e100dd8c,cleanup,60,,,0.016666666666666666,0.12909944487358055,0.9833333333333333,False,False,51,False
afa6280a569c4c476cf806229edd821c463f5b4f5010411fde2fd830e100dd8c,insurance,60,0.991646472515363,0.9696098508299082,0.13333333333333333,0.3651483716701107,1.0,True,True,0,True
afa6280a569c4c476cf806229edd821c463f5b4f5010411fde2fd830e100dd8c,mold,60,0.33172441196641705,0.3360704165941826,0.16666666666666666,0.408248290463863,0.9666666666666667,True,False,3,False
afa6280a569c4c476cf806229edd821c463f5b4f5010411fde2fd830e100dd8c,water damage,60,,,0.03333333333333333,0.18257418583505536,0.9666666666666667,False,False,12,False
afa6280a569c4c476cf806229edd821c463f5b4f5010411fde2fd830e100dd8c,weather,60,0.9984435495814769,0.9972455626807909,0.7166666666666667,1.118033988749895,1.0,True,True,0,True
b2828ab3e7bf5fff115bca6fd1b212151ed0fad3c978eb3f22f76c038bca71f1,cleanup,60,,,0.0,0.0,1.0,True,True,0,True
b2828ab3e7bf5fff115bca6fd1b212151ed0fad3c978eb3f22f76c038bca71f1,insurance,60,0.97910863266107,0.9249856423906757,0.16666666666666666,0.408248290463863,1.0,True,False,14,True
b2828ab3e7bf5fff115bca6fd1b212151ed0fad3c978eb3f22f76c038bca71f1,mold,60,,,0.016666666666666666,0.12909944487358055,1.0,False,False,37,True
b2828ab3e7bf5fff115bca6fd1b212151ed0fad3c978eb3f22f76c038bca71f1,water damage,60,,,0.0,0.0,1.0,True,True,0,True
b2828ab3e7bf5fff115bca6fd1b212151ed0fad3c978eb3f22f76c038bca71f1,weather,60,0.9801393684898585,0.9239093090124146,1.9333333333333333,2.9268868558020253,1.0,True,False,14,True
b2ca01ad777ad4e1f0ff113b8a0d9a1ff629179b39118180d714386bb89ce0f1,outage,60,0.9689159392964135,0.7684519138369218,0.08333333333333333,0.28867513459481287,0.95,False,True,0,False
b2ca01ad777ad4e1f0ff113b8a0d9a1ff629179b39118180d714386bb89ce0f1,road closed,60,,,0.0,0.0,1.0,True,True,0,True
b2ca01ad777ad4e1f0ff113b8a0d9a1ff629179b39118180d714386bb89ce0f1,school closed,60,,,0.0,0.0,1.0,True,True,0,True
b2ca01ad777ad4e1f0ff113b8a0d9a1ff629179b39118180d714386bb89ce0f1,traffic,60,0.7879958077866227,0.7818357218347771,0.05,0.22360679774997896,1.0,True,True,0,True
b2ca01ad777ad4e1f0ff113b8a0d9a1ff629179b39118180d714386bb89ce0f1,weather,60,0.9936055678653757,0.9878655222708337,1.6166666666666667,2.224859546128699,1.0,True,True,0,True
b2fdd35567bb4f13e6c5aa4e10b9be7b260c60ce0a66e68a7de73d4d55fdaa66,FEMA,60,,,0.03333333333333333,0.2581988897471611,0.9833333333333333,False,False,53,False
b2fdd35567bb4f13e6c5aa4e10b9be7b260c60ce0a66e68a7de73d4d55fdaa66,emergency,60,0.41840862552786934,0.42147377135095226,0.7833333333333333,1.5,0.75,True,False,50,False
b2fdd35567bb4f13e6c5aa4e10b9be7b260c60ce0a66e68a7de73d4d55fdaa66,evacuation,60,,,0.0,0.0,1.0,True,True,0,True
b2fdd35567bb4f13e6c5aa4e10b9be7b260c60ce0a66e68a7de73d4d55fdaa66,shelter,60,,,0.11666666666666667,0.6454972243679028,0.9666666666666667,False,False,38,False
b2fdd35567bb4f13e6c5aa4e10b9be7b260c60ce0a66e68a7de73d4d55fdaa66,weather,60,0.9927731085289416,0.9844697745847386,0.9166666666666666,1.2179217270963407,1.0,True,True,0,True
b3dad286b89f0adb9a9608b0206727e282fe7835098d69eadaf5ffd61ea931de,FEMA,60,,,0.0,0.0,1.0,True,True,0,True
b3dad286b89f0adb9a9608b0206727e282fe7835098d69eadaf5ffd61ea931de,emergency,60,0.7038282916219469,0.7038282916219469,0.16666666666666666,0.408248290463863,1.0,True,True,0,True
b3dad286b89f0adb9a9608b0206727e282fe7835098d69eadaf5ffd61ea931de,evacuation,60,,,0.0,0.0,1.0,True,True,0,True
b3dad286b89f0adb9a9608b0206727e282fe7835098d69eadaf5ffd61ea931de,shelter,60,0.7417853457582384,0.7417853457582385,0.08333333333333333,0.28867513459481287,1.0,True,False,22,True
b3dad286b89f0adb9a9608b0206727e282fe7835098d69eadaf5ffd61ea931de,weather,60,0.991260576333881,0.9794506267901076,2.45,2.9068883707497264,1.0,True,True,0,True
b42c68ce7e6e5db973f51ae20743e68017abc4aa72ae0595dc18a3af39f8b265,FEMA assistance,60,,,0.0,0.0,1.0,True,True,0,True
b42c68ce7e6e5db973f51ae20743e68017abc4aa72ae0595dc18a3af39f8b265,flood cleanup,60,,,0.0,0.0,1.0,True,True,0,True
b42c68ce7e6e5db973f51ae20743e68017abc4aa72ae0595dc18a3af39f8b265,flood insurance,60,,,0.0,0.0,1.0,True,True,0,True
b42c68ce7e6e5db973f51ae20743e68017abc4aa72ae0595dc18a3af39f8b265,water removal,60,,,0.0,0.0,1.0,True,True,0,True
b42c68ce7e6e5db973f51ae20743e68017abc4aa72ae0595dc18a3af39f8b265,weather,60,0.9971816312088955,0.9866262706438017,1.1666666666666667,1.7795130420052185,1.0,True,True,0,True
b543b856f0356c32ec3d31ed48a9acfbab557d23e72343fc0d74cef5ac9fdbf0,FEMA,60,,,0.03333333333333333,0.18257418583505536,0.9666666666666667,False,False,11,False
b543b856f0356c32ec3d31ed48a9acfbab557d23e72343fc0d74cef5ac9fdbf0,emergency,60,0.7850272026128828,0.6646225752038235,0.26666666666666666,0.5163977794943222,0.9833333333333333,True,True,0,False
b543b856f0356c32ec3d31ed48a9acfbab557d23e72343fc0d74cef5ac9fdbf0,evacuation,60,0.9470518552301374,0.9998563527967881,0.016666666666666666,0.12909944487358055,1.0,False,True,0,True
b543b856f0356c32ec3d31ed48a9acfbab557d23e72343fc0d74cef5ac9fdbf0,shelter,60,0.6113251073498305,0.5626598097950986,0.23333333333333334,0.48304589153964794,0.95,True,True,0,False
b543b856f0356c32ec3d31ed48a9acfbab557d23e72343fc0d74cef5ac9fdbf0,weather,60,0.9990560619869441,0.9975654006570783,0.6333333333333333,0.983192080250175,1.0,True,True,0,True
bbf33af9e3310313759c8ccbb7a5b6c7d41bec4a5e8d1e7d98bbef1f02049931,flash flood,60,1.0000000000000002,1.0,0.0,0.0,1.0,True,True,0,True
bbf33af9e3310313759c8ccbb7a5b6c7d41bec4a5e8d1e7d98bbef1f02049931,flood,60,0.96983543108992,0.9241312892983752,0.06666666666666667,0.2581988897471611,0.95,True,True,0,False
bbf33af9e3310313759c8ccbb7a5b6c7d41bec4a5e8d1e7d98bbef1f02049931,flooding,60,1.0,1.0000000000000002,0.0,0.0,1.0,True,True,0,True
bbf33af9e3310313759c8ccbb7a5b6c7d41bec4a5e8d1e7d98bbef1f02049931,heavy rain,60,,,0.0,0.0,1.0,True,True,0,True
bbf33af9e3310313759c8ccbb7a5b6c7d41bec4a5e8d1e7d98bbef1f02049931,weather,60,0.9969360233746721,0.9927700232203693,0.9,1.4375905768565218,1.0,True,True,0,True
bc9497a1abfa25d52c788357c381875e734362fe9c00aa643965298f2227422d,outage,60,0.9060348787821277,0.8252171765707204,0.13333333333333333,0.3651483716701107,0.8833333333333333,True,True,0,False
bc9497a1abfa25d52c788357c381875e734362fe9c00aa643965298f2227422d,road closed,60,,,0.0,0.0,1.0,True,True,0,True
bc9497a1abfa25d52c788357c381875e734362fe9c00aa643965298f2227422d,school closed,60,,,0.0,0.0,1.0,True,True,0,True
bc9497a1abfa25d52c788357c381875e734362fe9c00aa643965298f2227422d,traffic,60,0.624232665862793,0.6242326658627931,0.16666666666666666,0.408248290463863,0.8333333333333334,True,True,0,False
bc9497a1abfa25d52c788357c381875e734362fe9c00aa643965298f2227422d,weather,60,0.9985671713523105,0.9968785282049082,1.7166666666666666,1.9017535767461216,1.0,True,True,0,True
bceb677dfd66e94b9020fd0b35ee7f90b2e58a77b43ab2ce4f125544a2150e42,cleanup,60,,,0.0,0.0,1.0,True,True,0,True
bceb677dfd66e94b9020fd0b35ee7f90b2e58a77b43ab2ce4f125544a2150e42,insurance,60,0.9865578082308514,0.9523129516728681,0.16666666666666666,0.408248290463863,1.0,False,False,28,True
bceb677dfd66e94b9020fd0b35ee7f90b2e58a77b43ab2ce4f125544a2150e42,mold,60,,,0.0,0.0,1.0,True,True,0,True
bceb677dfd66e94b9020fd0b35ee7f90b2e58a77b43ab2ce4f125544a2150e42,water damage,60,,,0.0,0.0,1.0,True,True,0,True
bceb677dfd66e94b9020fd0b35ee7f90b2e58a77b43ab2ce4f125544a2150e42,weather,60,0.9965856169148125,0.9892016755059287,1.2666666666666666,1.7126976771553504,1.0,True,True,0,True
bdba995762028fa0c7355302b8409fa5dc83e26a5923c65ec4edd0b7176a04a3,outage,60,0.8900281740559288,0.8133270694302175,0.13333333333333333,0.3651483716701107,0.9,True,True,0,False
bdba995762028fa0c7355302b8409fa5dc83e26a5923c65ec4edd0b7176a04a3,road closed,60,,,0.0,0.0,1.0,True,True,0,True
bdba995762028fa0c7355302b8409fa5dc83e26a5923c65ec4edd0b7176a04a3,school closed,60,0.8094272134003794,0.8094272134003795,0.016666666666666666,0.12909944487358055,0.9833333333333333,True,False,13,False
bdba995762028fa0c7355302b8409fa5dc83e26a5923c65ec4edd0b7176a04a3,traffic,60,0.8076923076923076,0.7888888888888888,0.1,0.31622776601683794,1.0,True,True,0,True
bdba995762028fa0c7355302b8409fa5dc83e26a5923c65ec4edd0b7176a04a3,weather,60,0.9801393684898585,0.9239093090124146,1.9333333333333333,2.9268868558020253,1.0,True,False,14,True
be00c732dd44e1ba744c96308b8618b0be4bc334ac9135321f6028bc5a888e93,flash flood,60,,,0.0,0.0,1.0,True,True,0,True
be00c732dd44e1ba744c96308b8618b0be4bc334ac9135321f6028bc5a888e93,flood,60,0.7010887416930995,0.7010887416930995,0.016666666666666666,0.12909944487358055,0.9833333333333333,True,True,0,False
be00c732dd44e1ba744c96308b8618b0be4bc334ac9135321f6028bc5a888e93,flooding,60,,,0.0,0.0,1.0,True,True,0,True
be00c732dd44e1ba744c96308b8618b0be4bc334ac9135321f6028bc5a888e93,heavy rain,60,,,0.0,0.0,1.0,True,True,0,True
be00c732dd44e1ba744c96308b8618b0be4bc334ac9135321f6028bc5a888e93,weather,60,0.9978148150958885,0.9920462107441208,0.7333333333333333,1.0,1.0,True,True,0,True
c01a42b24e829200ac31d97e1a6a64ad52c4223db7c77ce64a7c47331a2f725d,FEMA,60,,,0.016666666666666666,0.12909944487358055,0.9833333333333333,False,False,26,False
c01a42b24e829200ac31d97e1a6a64ad52c4223db7c77ce64a7c47331a2f725d,emergency,60,0.8089171974522293,0.7791803103847488,0.2,0.4472135954999579,1.0,True,True,0,True
c01a42b24e829200ac31d97e1a6a64ad52c4223db7c77ce64a7c47331a2f725d,evacuation,60,,,0.0,0.0,1.0,True,True,0,True
c01a42b24e829200ac31d97e1a6a64ad52c4223db7c77ce64a7c47331a2f725d,shelter,60,0.6903543310193875,0.6725026339253174,0.15,0.3872983346207417,0.9833333333333333,True,True,0,False
c01a42b24e829200ac31d97e1a6a64ad52c4223db7c77ce64a7c47331a2f725d,weather,60,0.9992796720816411,0.9984000702582666,0.48333333333333334,0.7187952884282609,1.0,True,False,35,True
c13cce5a514fe7fcc7d71a3e165ab5106e425e111541743f4ce9dd22cc132666,outage,60,0.9938086441062433,0.7195241928271175,0.1,0.31622776601683794,0.9333333333333333,False,True,0,False
c13cce5a514fe7fcc7d71a3e165ab5106e425e111541743f4ce9dd22cc132666,road closed,60,,,0.016666666666666666,0.12909944487358055,0.9833333333333333,False,False,5,False
c13cce5a514fe7fcc7d71a3e165ab5106e425e111541743f4ce9dd22cc132666,school closed,60,,,0.016666666666666666,0.12909944487358055,0.9833333333333333,False,False,22,False
c13cce5a514fe7fcc7d71a3e165ab5106e425e111541743f4ce9dd22cc132666,traffic,60,0.19642857142857145,0.19642857142857145,0.1,0.31622776601683794,0.9,True,False,12,False
c13cce5a514fe7fcc7d71a3e165ab5106e425e111541743f4ce9dd22cc132666,weather,60,0.9992208605515491,0.9966417452224076,0.45,0.7187952884282609,1.0,True,True,0,True
c18235df3ca1a5ac050eab659ab8b9455650c2ee8ac504bd740a3079218abe0d,FEMA,60,,,0.0,0.0,1.0,True,True,0,True
c18235df3ca1a5ac050eab659ab8b9455650c2ee8ac504bd740a3079218abe0d,emergency,60,0.9342869051542535,0.8944745246564973,0.016666666666666666,0.12909944487358055,1.0,True,True,0,True
c18235df3ca1a5ac050eab659ab8b9455650c2ee8ac504bd740a3079218abe0d,evacuation,60,1.0,1.0,0.0,0.0,1.0,True,True,0,True
c18235df3ca1a5ac050eab659ab8b9455650c2ee8ac504bd740a3079218abe0d,shelter,60,0.79639080275258,0.7963908027525802,0.05,0.22360679774997896,1.0,True,False,1,True
c18235df3ca1a5ac050eab659ab8b9455650c2ee8ac504bd740a3079218abe0d,weather,60,0.9971816312088955,0.9866262706438017,1.1666666666666667,1.7795130420052185,1.0,True,True,0,True
c3a4fee94e3afaaa6ea335a161dc044924a71386b1930fab72254a68261c76f4,outage,60,0.9997773105978246,0.9834386733478169,0.15,0.5,1.0,False,True,0,True
c3a4fee94e3afaaa6ea335a161dc044924a71386b1930fab72254a68261c76f4,road closed,60,,,0.0,0.0,1.0,True,True,0,True
c3a4fee94e3afaaa6ea335a161dc044924a71386b1930fab72254a68261c76f4,school closed,60,,,0.0,0.0,1.0,True,True,0,True
c3a4fee94e3afaaa6ea335a161dc044924a71386b1930fab72254a68261c76f4,traffic,60,,,0.0,0.0,1.0,True,True,0,True
c3a4fee94e3afaaa6ea335a161dc044924a71386b1930fab72254a68261c76f4,weather,60,0.9976227190843765,0.994883330667234,0.9,1.3662601021279464,1.0,True,True,0,True
c3e6f4c0922eb31e1e4728fac32d120d8e37fa87e7d673e22d957cd547bbd8a8,cleanup,60,0.8439403956736483,0.7296558662565513,0.06666666666666667,0.2581988897471611,0.95,True,True,0,False
c3e6f4c0922eb31e1e4728fac32d120d8e37fa87e7d673e22d957cd547bbd8a8,insurance,60,0.9188475640927126,0.912671520291372,0.3333333333333333,0.6055300708194983,0.9833333333333333,False,False,5,False
c3e6f4c0922eb31e1e4728fac32d120d8e37fa87e7d673e22d957cd547bbd8a8,mold,60,0.17314737458145404,0.24003910489263466,0.1,0.3651483716701107,0.9166666666666666,False,False,21,False
c3e6f4c0922eb31e1e4728fac32d120d8e37fa87e7d673e22d957cd547bbd8a8,water damage,60,,,0.0,0.0,1.0,True,True,0,True
c3e6f4c0922eb31e1e4728fac32d120d8e37fa87e7d673e22d957cd547bbd8a8,weather,60,0.9992208605515491,0.9966417452224076,0.45,0.7187952884282609,1.0,True,True,0,True
c42f491ec9ca94411d0661d0be1863cfd75b668da9ac02842d860ba8dc6286fd,FEMA assistance,60,,,0.0,0.0,1.0,True,True,0,True
c42f491ec9ca94411d0661d0be1863cfd75b668da9ac02842d860ba8dc6286fd,flood cleanup,60,,,0.0,0.0,1.0,True,True,0,True
c42f491ec9ca94411d0661d0be1863cfd75b668da9ac02842d860ba8dc6286fd,flood insurance,60,,,0.0,0.0,1.0,True,True,0,True
c42f491ec9ca94411d0661d0be1863cfd75b668da9ac02842d860ba8dc6286fd,water removal,60,,,0.0,0.0,1.0,True,True,0,True
c42f491ec9ca94411d0661d0be1863cfd75b668da9ac02842d860ba8dc6286fd,weather,60,0.9974223108259695,0.995458020931954,0.6333333333333333,1.224744871391589,1.0,True,True,0,True
c4359d4b0716019482914d54ffea98b8d54cea3acf382eca652af6c59b030653,FEMA assistance,60,,,0.0,0.0,1.0,True,True,0,True
c4359d4b0716019482914d54ffea98b8d54cea3acf382eca652af6c59b030653,flood cleanup,60,,,0.0,0.0,1.0,True,True,0,True
c4359d4b0716019482914d54ffea98b8d54cea3acf382eca652af6c59b030653,flood insurance,60,,,0.0,0.0,1.0,True,True,0,True
c4359d4b0716019482914d54ffea98b8d54cea3acf382eca652af6c59b030653,water removal,60,,,0.0,0.0,1.0,True,True,0,True
c4359d4b0716019482914d54ffea98b8d54cea3acf382eca652af6c59b030653,weather,60,0.9805248851149908,0.9790502218858875,2.05,2.6987651497181693,1.0,True,True,0,True
c4dba90e2e13094cdc0adf53d3112b9257eae4187ce675a21c1a9624f07e3600,FEMA assistance,60,,,0.0,0.0,1.0,True,True,0,True
c4dba90e2e13094cdc0adf53d3112b9257eae4187ce675a21c1a9624f07e3600,flood cleanup,60,,,0.0,0.0,1.0,True,True,0,True
c4dba90e2e13094cdc0adf53d3112b9257eae4187ce675a21c1a9624f07e3600,flood insurance,60,,,0.0,0.0,1.0,True,True,0,True
c4dba90e2e13094cdc0adf53d3112b9257eae4187ce675a21c1a9624f07e3600,water removal,60,,,0.0,0.0,1.0,True,True,0,True
c4dba90e2e13094cdc0adf53d3112b9257eae4187ce675a21c1a9624f07e3600,weather,60,0.9967279294698173,0.9892919672338362,3.1333333333333333,3.478505426185217,1.0,True,True,0,True
c86fe38dce3227a0bd3c14149b789ed529beb02b03a1958855d97c6a9bd1fd66,FEMA,60,,,0.0,0.0,1.0,True,True,0,True
c86fe38dce3227a0bd3c14149b789ed529beb02b03a1958855d97c6a9bd1fd66,emergency,60,0.7665695441245897,0.7742510985487363,0.03333333333333333,0.18257418583505536,0.9833333333333333,True,True,0,False
c86fe38dce3227a0bd3c14149b789ed529beb02b03a1958855d97c6a9bd1fd66,evacuation,60,,,0.03333333333333333,0.18257418583505536,0.9666666666666667,False,False,14,False
c86fe38dce3227a0bd3c14149b789ed529beb02b03a1958855d97c6a9bd1fd66,shelter,60,0.41885390829169544,0.41885390829169544,0.05,0.22360679774997896,0.9666666666666667,False,False,9,False
c86fe38dce3227a0bd3c14149b789ed529beb02b03a1958855d97c6a9bd1fd66,weather,60,0.9968653570327105,0.997800943742345,2.3666666666666667,2.6645825188948455,1.0,True,False,9,True
c904e47878d14c6962eb57d4ed98f1e4039b3645b9b3ac0b60e0eaee405b67a9,FEMA assistance,60,,,0.0,0.0,1.0,True,True,0,True
c904e47878d14c6962eb57d4ed98f1e4039b3645b9b3ac0b60e0eaee405b67a9,flood cleanup,60,,,0.0,0.0,1.0,True,True,0,True
c904e47878d14c6962eb57d4ed98f1e4039b3645b9b3ac0b60e0eaee405b67a9,flood insurance,60,,,0.1,0.5477225575051661,0.9666666666666667,False,False,30,False
c904e47878d14c6962eb57d4ed98f1e4039b3645b9b3ac0b60e0eaee405b67a9,water removal,60,,,0.05,0.3872983346207417,0.9833333333333333,False,False,50,False
c904e47878d14c6962eb57d4ed98f1e4039b3645b9b3ac0b60e0eaee405b67a9,weather,60,0.9927731085289416,0.9844697745847386,0.9166666666666666,1.2179217270963407,1.0,True,True,0,True
c908b2c8791d205335da712c4013db2fb1582544f6dff84afee735aff3921efa,flash flood,60,,,0.016666666666666666,0.12909944487358055,0.9833333333333333,False,False,42,False
c908b2c8791d205335da712c4013db2fb1582544f6dff84afee735aff3921efa,flood,60,0.667124384994991,0.667124384994991,0.15,0.3872983346207417,0.85,True,False,3,False
c908b2c8791d205335da712c4013db2fb1582544f6dff84afee735aff3921efa,flooding,60,0.9720355639767487,0.9988106533438809,0.03333333333333333,0.18257418583505536,1.0,True,True,0,True
c908b2c8791d205335da712c4013db2fb1582544f6dff84afee735aff3921efa,heavy rain,60,,,0.0,0.0,1.0,True,True,0,True
c908b2c8791d205335da712c4013db2fb1582544f6dff84afee735aff3921efa,weather,60,0.9941821526123705,0.9881314033626707,1.5333333333333334,2.16794833886788,1.0,True,True,0,True
c9fbf8ca5847bfb4f49d4db1082340bdc17b95393c357b7f5deefaf38cf2bdb7,cleanup,60,,,0.0,0.0,1.0,True,True,0,True
c9fbf8ca5847bfb4f49d4db1082340bdc17b95393c357b7f5deefaf38cf2bdb7,insurance,60,0.9800475281812299,0.8732995261585342,0.48333333333333334,0.7187952884282609,1.0,True,False,39,True
c9fbf8ca5847bfb4f49d4db1082340bdc17b95393c357b7f5deefaf38cf2bdb7,mold,60,,,0.0,0.0,1.0,True,True,0,True
c9fbf8ca5847bfb4f49d4db1082340bdc17b95393c357b7f5deefaf38cf2bdb7,water damage,60,,,0.0,0.0,1.0,True,True,0,True
c9fbf8ca5847bfb4f49d4db1082340bdc17b95393c357b7f5deefaf38cf2bdb7,weather,60,0.9962416708271465,0.9957584695401812,1.6,2.16794833886788,1.0,True,False,1,True
cb1a4edf9a9203e453db7f19b81d434f24e1a5bc301238a658c65c8c8381f496,FEMA assistance,60,,,0.0,0.0,1.0,True,True,0,True
cb1a4edf9a9203e453db7f19b81d434f24e1a5bc301238a658c65c8c8381f496,flood cleanup,60,,,0.0,0.0,1.0,True,True,0,True
cb1a4edf9a9203e453db7f19b81d434f24e1a5bc301238a658c65c8c8381f496,flood insurance,60,,,0.0,0.0,1.0,True,True,0,True
cb1a4edf9a9203e453db7f19b81d434f24e1a5bc301238a658c65c8c8381f496,water removal,60,,,0.0,0.0,1.0,True,True,0,True
cb1a4edf9a9203e453db7f19b81d434f24e1a5bc301238a658c65c8c8381f496,weather,60,0.9983944036332225,0.9951955917800384,0.7166666666666667,1.0408329997330663,1.0,True,True,0,True
cb7d14063fe2b56ec4cdc9fc6705bad7343dfa4c496cd62118e06aaad9919b9a,cleanup,60,,,0.0,0.0,1.0,True,True,0,True
cb7d14063fe2b56ec4cdc9fc6705bad7343dfa4c496cd62118e06aaad9919b9a,insurance,60,0.9796545205138604,0.950056377096773,0.2833333333333333,0.5322906474223771,1.0,True,False,16,True
cb7d14063fe2b56ec4cdc9fc6705bad7343dfa4c496cd62118e06aaad9919b9a,mold,60,0.0,0.0,0.05,0.22360679774997896,0.9666666666666667,False,False,14,False
cb7d14063fe2b56ec4cdc9fc6705bad7343dfa4c496cd62118e06aaad9919b9a,water damage,60,,,0.0,0.0,1.0,True,True,0,True
cb7d14063fe2b56ec4cdc9fc6705bad7343dfa4c496cd62118e06aaad9919b9a,weather,60,0.99601614437221,0.996562433881859,1.2833333333333334,2.254624876411447,1.0,True,True,0,True
cc79529efdb685336b161be9c4043308c358f96d54bbde6b8c9d372ce0256da5,outage,60,0.9731377962681567,0.9673178005015424,0.016666666666666666,0.12909944487358055,1.0,True,True,0,True
cc79529efdb685336b161be9c4043308c358f96d54bbde6b8c9d372ce0256da5,road closed,60,,,0.0,0.0,1.0,True,True,0,True
cc79529efdb685336b161be9c4043308c358f96d54bbde6b8c9d372ce0256da5,school closed,60,,,0.0,0.0,1.0,True,True,0,True
cc79529efdb685336b161be9c4043308c358f96d54bbde6b8c9d372ce0256da5,traffic,60,0.9122807017543858,0.9068627450980394,0.03333333333333333,0.18257418583505536,1.0,True,True,0,True
cc79529efdb685336b161be9c4043308c358f96d54bbde6b8c9d372ce0256da5,weather,60,0.9917541117247666,0.9848505949403533,1.55,2.0371548787463363,1.0,True,True,0,True
ceaa2ee0519c612047ae99de95df00ec78255fb3a437ccd958df2af1e261dfd9,flash flood,60,0.9936748258463667,0.9998563527967881,0.016666666666666666,0.12909944487358055,1.0,True,False,1,True
ceaa2ee0519c612047ae99de95df00ec78255fb3a437ccd958df2af1e261dfd9,flood,60,0.9925035768925353,0.9278077306127323,0.05,0.22360679774997896,0.9833333333333333,True,True,0,False
ceaa2ee0519c612047ae99de95df00ec78255fb3a437ccd958df2af1e261dfd9,flooding,60,0.9999999999999999,0.9999999999999999,0.0,0.0,1.0,True,True,0,True
ceaa2ee0519c612047ae99de95df00ec78255fb3a437ccd958df2af1e261dfd9,heavy rain,60,,,0.0,0.0,1.0,True,True,0,True
ceaa2ee0519c612047ae99de95df00ec78255fb3a437ccd958df2af1e261dfd9,weather,60,0.9944943117650381,0.9929441744492616,1.5333333333333334,1.8439088914585775,1.0,True,True,0,True
ceea7bbf95be49869b2c8c9e796fc43d56f090ef4d4796fba891fcaf98623b51,outage,60,0.9669192828528469,0.9997077305213039,0.03333333333333333,0.2581988897471611,1.0,False,True,0,True
ceea7bbf95be49869b2c8c9e796fc43d56f090ef4d4796fba891fcaf98623b51,road closed,60,,,0.05,0.3872983346207417,0.9833333333333333,False,False,52,False
ceea7bbf95be49869b2c8c9e796fc43d56f090ef4d4796fba891fcaf98623b51,school closed,60,,,0.0,0.0,1.0,True,True,0,True
ceea7bbf95be49869b2c8c9e796fc43d56f090ef4d4796fba891fcaf98623b51,traffic,60,0.6350433140771844,0.5072320721241009,0.18333333333333332,0.6708203932499369,0.9333333333333333,True,True,0,False
ceea7bbf95be49869b2c8c9e796fc43d56f090ef4d4796fba891fcaf98623b51,weather,60,0.9927731085289416,0.9844697745847386,0.9166666666666666,1.2179217270963407,1.0,True,True,0,True
d5c201a2b6c41d92f0c0fc0145cec52cb18581f86d199a4c564b8b20f4f9e6fc,FEMA,60,,,0.03333333333333333,0.18257418583505536,0.9666666666666667,False,False,12,False
d5c201a2b6c41d92f0c0fc0145cec52cb18581f86d199a4c564b8b20f4f9e6fc,emergency,60,0.7566444492037342,0.7118404492760378,0.3,0.5477225575051661,1.0,False,False,15,True
d5c201a2b6c41d92f0c0fc0145cec52cb18581f86d199a4c564b8b20f4f9e6fc,evacuation,60,0.9396984924623115,0.49999999999999994,0.03333333333333333,0.18257418583505536,0.9666666666666667,True,True,0,False
d5c201a2b6c41d92f0c0fc0145cec52cb18581f86d199a4c564b8b20f4f9e6fc,shelter,60,0.6599343000809549,0.7094092091134391,0.31666666666666665,0.6191391873668903,0.9833333333333333,False,False,37,False
d5c201a2b6c41d92f0c0fc0145cec52cb18581f86d199a4c564b8b20f4f9e6fc,weather,60,0.9983801113420737,0.9961285666078555,0.4,0.6831300510639732,1.0,True,True,0,True
d7825d9b97515a3207c965a659da8883e2f3663ea0dbd5402565a7b9febf5351,flash flood,60,1.0000000000000002,1.0,0.0,0.0,1.0,True,True,0,True
d7825d9b97515a3207c965a659da8883e2f3663ea0dbd5402565a7b9febf5351,flood,60,0.9869451697127938,0.8795780254777069,0.03333333333333333,0.18257418583505536,1.0,True,True,0,True
d7825d9b97515a3207c965a659da8883e2f3663ea0dbd5402565a7b9febf5351,flooding,60,1.0,0.9999999999999999,0.0,0.0,1.0,True,True,0,True
d7825d9b97515a3207c965a659da8883e2f3663ea0dbd5402565a7b9febf5351,heavy rain,60,,,0.0,0.0,1.0,True,True,0,True
d7825d9b97515a3207c965a659da8883e2f3663ea0dbd5402565a7b9febf5351,weather,60,0.9951935510380183,0.9963701105984055,1.7333333333333334,2.5232254490367416,1.0,True,False,1,True
d7f883f87df17bf711df06b2fa59638178650a6caeb61ca6d0ca38a8663df251,FEMA,60,-0.034482758620689655,-0.034482758620689655,0.06666666666666667,0.2581988897471611,0.9333333333333333,True,False,21,False
d7f883f87df17bf711df06b2fa59638178650a6caeb61ca6d0ca38a8663df251,emergency,60,0.8336893978182787,0.8177151057539579,0.18333333333333332,0.4281744192888376,1.0,True,True,0,True
d7f883f87df17bf711df06b2fa59638178650a6caeb61ca6d0ca38a8663df251,evacuation,60,0.7931812485480297,0.5663069856125756,0.1,0.31622776601683794,0.9,True,True,0,False
d7f883f87df17bf711df06b2fa59638178650a6caeb61ca6d0ca38a8663df251,shelter,60,0.44519564676389617,0.43768896933358836,0.18333333333333332,0.4281744192888376,1.0,True,False,53,True
d7f883f87df17bf711df06b2fa59638178650a6caeb61ca6d0ca38a8663df251,weather,60,0.9965600892659864,0.9958786436055963,1.35,1.5652475842498528,1.0,True,True,0,True
dcb56c6f5a5cc832f667cef456ee0fac637d52c56859a29718a4ed8645fde905,cleanup,60,0.7973536943017756,0.8275772611308153,0.08333333333333333,0.28867513459481287,0.9333333333333333,False,False,53,False
dcb56c6f5a5cc832f667cef456ee0fac637d52c56859a29718a4ed8645fde905,insurance,60,0.9871675305414988,0.9717894559730801,0.25,0.5,1.0,True,True,0,True
dcb56c6f5a5cc832f667cef456ee0fac637d52c56859a29718a4ed8645fde905,mold,60,0.7216164602539187,0.7312468345415367,0.15,0.3872983346207417,1.0,True,True,0,True
dcb56c6f5a5cc832f667cef456ee0fac637d52c56859a29718a4ed8645fde905,water damage,60,0.898133287343998,0.8099307556418693,0.15,0.3872983346207417,0.8833333333333333,True,False,8,False
dcb56c6f5a5cc832f667cef456ee0fac637d52c56859a29718a4ed8645fde905,weather,60,0.9965600892659864,0.9958786436055963,1.35,1.5652475842498528,1.0,True,True,0,True
df311b690110862b1896cda3080c6111cc51abc76b65734befa7d0b74a4df7d2,FEMA,60,,,0.0,0.0,1.0,True,True,0,True
df311b690110862b1896cda3080c6111cc51abc76b65734befa7d0b74a4df7d2,emergency,60,1.0,1.0,0.0,0.0,1.0,True,True,0,True
df311b690110862b1896cda3080c6111cc51abc76b65734befa7d0b74a4df7d2,evacuation,60,,,0.0,0.0,1.0,True,True,0,True
df311b690110862b1896cda3080c6111cc51abc76b65734befa7d0b74a4df7d2,shelter,60,0.667124384994991,0.667124384994991,0.15,0.3872983346207417,0.85,True,True,0,False
df311b690110862b1896cda3080c6111cc51abc76b65734befa7d0b74a4df7d2,weather,60,0.9928767710676867,0.9775201835274074,1.1666666666666667,1.6931233465600393,1.0,True,True,0,True
df66ab902652c9cb88889a2887cdfa36f9923602a7e7a7003f221bc64966b44b,outage,60,0.9992964471955949,0.9780747039174006,0.08333333333333333,0.3415650255319866,0.9666666666666667,False,True,0,False
df66ab902652c9cb88889a2887cdfa36f9923602a7e7a7003f221bc64966b44b,road closed,60,,,0.0,0.0,1.0,True,True,0,True
df66ab902652c9cb88889a2887cdfa36f9923602a7e7a7003f221bc64966b44b,school closed,60,1.0,1.0,0.0,0.0,1.0,True,True,0,True
df66ab902652c9cb88889a2887cdfa36f9923602a7e7a7003f221bc64966b44b,traffic,60,0.8610338613230187,0.8656633719581579,0.03333333333333333,0.18257418583505536,0.9833333333333333,True,True,0,False
df66ab902652c9cb88889a2887cdfa36f9923602a7e7a7003f221bc64966b44b,weather,60,0.9980571482855414,0.9483544414868313,0.7166666666666667,1.0567244989431572,1.0,True,True,0,True
e292030d44886d52a6cf589ea94d858d9a87ef494ba322e09c5b17e0aeff4aa6,flash flood,60,0.9989601731963077,1.0,0.03333333333333333,0.18257418583505536,1.0,False,True,0,True
e292030d44886d52a6cf589ea94d858d9a87ef494ba322e09c5b17e0aeff4aa6,flood,60,0.9980314685731964,0.969358998429453,0.3,0.6324555320336759,0.9666666666666667,True,True,0,False
e292030d44886d52a6cf589ea94d858d9a87ef494ba322e09c5b17e0aeff4aa6,flooding,60,0.9987262769185874,0.8634620044354451,0.3,0.7958224257542215,0.9166666666666666,False,True,0,False
e292030d44886d52a6cf589ea94d858d9a87ef494ba322e09c5b17e0aeff4aa6,heavy rain,60,,,0.0,0.0,1.0,True,True,0,True
e292030d44886d52a6cf589ea94d858d9a87ef494ba322e09c5b17e0aeff4aa6,weather,60,0.9983452728813094,0.9972456393142644,0.5833333333333334,0.8266397845091497,1.0,True,True,0,True
e2cc50507fe37ba5889f77cd3692447f890a3dccd0789a42d1d4e56be66391a9,FEMA assistance,60,,,0.0,0.0,1.0,True,True,0,True
e2cc50507fe37ba5889f77cd3692447f890a3dccd0789a42d1d4e56be66391a9,flood cleanup,60,,,0.0,0.0,1.0,True,True,0,True
e2cc50507fe37ba5889f77cd3692447f890a3dccd0789a42d1d4e56be66391a9,flood insurance,60,,,0.0,0.0,1.0,True,True,0,True
e2cc50507fe37ba5889f77cd3692447f890a3dccd0789a42d1d4e56be66391a9,water removal,60,,,0.0,0.0,1.0,True,True,0,True
e2cc50507fe37ba5889f77cd3692447f890a3dccd0789a42d1d4e56be66391a9,weather,60,0.9990560619869441,0.9975654006570783,0.6333333333333333,0.983192080250175,1.0,True,True,0,True
e5b5dff233432367a9e149e5bbf353f65e31925cd1a0971a3269515306204067,FEMA,60,0.9924007494626842,0.9987859361542127,0.016666666666666666,0.12909944487358055,1.0,True,True,0,True
e5b5dff233432367a9e149e5bbf353f65e31925cd1a0971a3269515306204067,emergency,60,0.6894618993474754,0.6894618993474754,0.18333333333333332,0.4281744192888376,1.0,True,False,1,True
e5b5dff233432367a9e149e5bbf353f65e31925cd1a0971a3269515306204067,evacuation,60,1.0,1.0,0.0,0.0,1.0,True,True,0,True
e5b5dff233432367a9e149e5bbf353f65e31925cd1a0971a3269515306204067,shelter,60,0.6911991654124915,0.6911991654124913,0.15,0.3872983346207417,1.0,True,True,0,True
e5b5dff233432367a9e149e5bbf353f65e31925cd1a0971a3269515306204067,weather,60,0.994536310131623,0.9932378892541277,1.65,2.0124611797498106,1.0,True,True,0,True
e703f2b0c699c3493ec4823a64c4bebbd7d885dd7a60c69c86b8d29ae765154c,FEMA assistance,60,,,0.0,0.0,1.0,True,True,0,True
e703f2b0c699c3493ec4823a64c4bebbd7d885dd7a60c69c86b8d29ae765154c,flood cleanup,60,,,0.0,0.0,1.0,True,True,0,True
e703f2b0c699c3493ec4823a64c4bebbd7d885dd7a60c69c86b8d29ae765154c,flood insurance,60,,,0.0,0.0,1.0,True,True,0,True
e703f2b0c699c3493ec4823a64c4bebbd7d885dd7a60c69c86b8d29ae765154c,water removal,60,,,0.0,0.0,1.0,True,True,0,True
e703f2b0c699c3493ec4823a64c4bebbd7d885dd7a60c69c86b8d29ae765154c,weather,60,0.9978386781906582,0.9940121813676479,0.7,0.9660917830792959,1.0,True,True,0,True
e81ef256c30bd9f140ab4f13605ff515609926ae590caf04fd909bc1038e995a,cleanup,60,,,0.0,0.0,1.0,True,True,0,True
e81ef256c30bd9f140ab4f13605ff515609926ae590caf04fd909bc1038e995a,insurance,60,0.839594054083887,0.8694791062853333,1.1,1.7795130420052185,0.95,False,True,0,False
e81ef256c30bd9f140ab4f13605ff515609926ae590caf04fd909bc1038e995a,mold,60,-0.024175473851486187,-0.02417547385148619,0.16666666666666666,0.752772652709081,0.95,False,False,7,False
e81ef256c30bd9f140ab4f13605ff515609926ae590caf04fd909bc1038e995a,water damage,60,,,0.06666666666666667,0.5163977794943222,0.9833333333333333,False,True,0,False
e81ef256c30bd9f140ab4f13605ff515609926ae590caf04fd909bc1038e995a,weather,60,0.9943885051684057,0.9882526335992664,0.9833333333333333,1.3844373104863459,1.0,True,True,0,True
e8a0c15b06e6b671a5b222d53dd53dd38af218b2533b0770dc4fe63d05c760ad,FEMA assistance,60,0.9999999999999999,1.0,0.0,0.0,1.0,True,True,0,True
e8a0c15b06e6b671a5b222d53dd53dd38af218b2533b0770dc4fe63d05c760ad,flood cleanup,60,,,0.0,0.0,1.0,True,True,0,True
e8a0c15b06e6b671a5b222d53dd53dd38af218b2533b0770dc4fe63d05c760ad,flood insurance,60,,,0.0,0.0,1.0,True,True,0,True
e8a0c15b06e6b671a5b222d53dd53dd38af218b2533b0770dc4fe63d05c760ad,water removal,60,,,0.0,0.0,1.0,True,True,0,True
e8a0c15b06e6b671a5b222d53dd53dd38af218b2533b0770dc4fe63d05c760ad,weather,60,0.9980571482855414,0.9483544414868313,0.7166666666666667,1.0567244989431572,1.0,True,True,0,True
e8a1d1fc2711e4801e401ba64458e560e3ede05dddb724b75c2236bafa531535,flash flood,60,1.0000000000000002,1.0,0.0,0.0,1.0,True,True,0,True
e8a1d1fc2711e4801e401ba64458e560e3ede05dddb724b75c2236bafa531535,flood,60,0.7080208330757052,0.49894941337541515,0.4,0.7071067811865476,0.7,True,True,0,False
e8a1d1fc2711e4801e401ba64458e560e3ede05dddb724b75c2236bafa531535,flooding,60,0.6446583712203042,0.6446583712203042,0.05,0.22360679774997896,0.95,True,False,17,False
e8a1d1fc2711e4801e401ba64458e560e3ede05dddb724b75c2236bafa531535,heavy rain,60,,,0.0,0.0,1.0,True,True,0,True
e8a1d1fc2711e4801e401ba64458e560e3ede05dddb724b75c2236bafa531535,weather,60,0.9992241536456434,0.9988872662486521,0.5333333333333333,0.816496580927726,1.0,True,True,0,True
e9dffa898ee05c9cb406b9d962acdbe6cd2bdc28bdaa2b2d7a1a20f71c50d64f,FEMA assistance,60,,,0.0,0.0,1.0,True,True,0,True
e9dffa898ee05c9cb406b9d962acdbe6cd2bdc28bdaa2b2d7a1a20f71c50d64f,flood cleanup,60,,,0.0,0.0,1.0,True,True,0,True
e9dffa898ee05c9cb406b9d962acdbe6cd2bdc28bdaa2b2d7a1a20f71c50d64f,flood insurance,60,,,0.0,0.0,1.0,True,True,0,True
e9dffa898ee05c9cb406b9d962acdbe6cd2bdc28bdaa2b2d7a1a20f71c50d64f,water removal,60,,,0.0,0.0,1.0,True,True,0,True
e9dffa898ee05c9cb406b9d962acdbe6cd2bdc28bdaa2b2d7a1a20f71c50d64f,weather,60,0.9936055678653757,0.9878655222708337,1.6166666666666667,2.224859546128699,1.0,True,True,0,True
ea369499b97c7cfa1e11a905d8e7f2096a18f58dc1defc815210e6f43456c113,outage,60,0.9784087115987419,0.9450979512384396,0.06666666666666667,0.2581988897471611,0.9666666666666667,True,True,0,False
ea369499b97c7cfa1e11a905d8e7f2096a18f58dc1defc815210e6f43456c113,road closed,60,,,0.0,0.0,1.0,True,True,0,True
ea369499b97c7cfa1e11a905d8e7f2096a18f58dc1defc815210e6f43456c113,school closed,60,0.5674803065350239,0.5674803065350239,0.03333333333333333,0.18257418583505536,0.9666666666666667,True,False,49,False
ea369499b97c7cfa1e11a905d8e7f2096a18f58dc1defc815210e6f43456c113,traffic,60,0.729582472865914,0.7084056161683283,0.18333333333333332,0.4281744192888376,0.8333333333333334,True,True,0,False
ea369499b97c7cfa1e11a905d8e7f2096a18f58dc1defc815210e6f43456c113,weather,60,0.9968653570327105,0.997800943742345,2.3666666666666667,2.6645825188948455,1.0,True,False,9,True
eb2ae07d8ad42148ca47aaa3691b760c77dc89530ec3d5748f61b4623ee4c57b,outage,60,0.944395296421427,0.8582482214396765,0.06666666666666667,0.2581988897471611,0.95,True,True,0,False
eb2ae07d8ad42148ca47aaa3691b760c77dc89530ec3d5748f61b4623ee4c57b,road closed,60,,,0.0,0.0,1.0,True,True,0,True
eb2ae07d8ad42148ca47aaa3691b760c77dc89530ec3d5748f61b4623ee4c57b,school closed,60,,,0.0,0.0,1.0,True,True,0,True
eb2ae07d8ad42148ca47aaa3691b760c77dc89530ec3d5748f61b4623ee4c57b,traffic,60,0.8501758661137465,0.8100401654309769,0.13333333333333333,0.3651483716701107,1.0,True,True,0,True
eb2ae07d8ad42148ca47aaa3691b760c77dc89530ec3d5748f61b4623ee4c57b,weather,60,0.991260576333881,0.9794506267901076,2.45,2.9068883707497264,1.0,True,True,0,True
eb8b03c2410ec754150f711ce7312d4e1a22f9f79324435fb1350677bec79242,FEMA assistance,60,,,0.0,0.0,1.0,True,True,0,True
eb8b03c2410ec754150f711ce7312d4e1a22f9f79324435fb1350677bec79242,flood cleanup,60,,,0.0,0.0,1.0,True,True,0,True
eb8b03c2410ec754150f711ce7312d4e1a22f9f79324435fb1350677bec79242,flood insurance,60,,,0.0,0.0,1.0,True,True,0,True
eb8b03c2410ec754150f711ce7312d4e1a22f9f79324435fb1350677bec79242,water removal,60,,,0.0,0.0,1.0,True,True,0,True
eb8b03c2410ec754150f711ce7312d4e1a22f9f79324435fb1350677bec79242,weather,60,0.9847017009029183,0.981994341641147,3.783333333333333,4.598912915026768,1.0,True,False,1,True
ec5af522ef6c862d0bf49ee87ac2bf1be34cf92ddd00ab4b44c60165b30c6e2b,outage,60,0.7738200236399341,0.7738200236399343,0.05,0.22360679774997896,0.95,True,True,0,False
ec5af522ef6c862d0bf49ee87ac2bf1be34cf92ddd00ab4b44c60165b30c6e2b,road closed,60,,,0.0,0.0,1.0,True,True,0,True
ec5af522ef6c862d0bf49ee87ac2bf1be34cf92ddd00ab4b44c60165b30c6e2b,school closed,60,,,0.0,0.0,1.0,True,True,0,True
ec5af522ef6c862d0bf49ee87ac2bf1be34cf92ddd00ab4b44c60165b30c6e2b,traffic,60,0.9091370567223774,0.8740830418336486,0.06666666666666667,0.2581988897471611,1.0,True,True,0,True
ec5af522ef6c862d0bf49ee87ac2bf1be34cf92ddd00ab4b44c60165b30c6e2b,weather,60,0.9943458057150181,0.9892585717646255,1.0333333333333334,1.4719601443879744,1.0,True,True,0,True
ed39340b5bc68a350448ad8644e645a6530b456abb8e7f8f1a80c2156ccebe5e,FEMA,60,0.9523431294678316,0.8608490566037734,0.03333333333333333,0.18257418583505536,0.9666666666666667,True,True,0,False
ed39340b5bc68a350448ad8644e645a6530b456abb8e7f8f1a80c2156ccebe5e,emergency,60,0.9828404691908221,0.8552278812329261,0.08333333333333333,0.28867513459481287,1.0,False,True,0,True
ed39340b5bc68a350448ad8644e645a6530b456abb8e7f8f1a80c2156ccebe5e,evacuation,60,0.8094272134003794,0.8094272134003795,0.016666666666666666,0.12909944487358055,0.9833333333333333,True,False,1,False
ed39340b5bc68a350448ad8644e645a6530b456abb8e7f8f1a80c2156ccebe5e,shelter,60,1.0,0.9999999999999998,0.0,0.0,1.0,True,True,0,True
ed39340b5bc68a350448ad8644e645a6530b456abb8e7f8f1a80c2156ccebe5e,weather,60,0.9801393684898585,0.9239093090124146,1.9333333333333333,2.9268868558020253,1.0,True,False,14,True
ed83b0f1152a343a59c99b1250e16a466b489b2e9af29fa5cd99fb1a8f19d0be,FEMA assistance,60,1.0000000000000002,1.0,0.0,0.0,1.0,True,True,0,True
ed83b0f1152a343a59c99b1250e16a466b489b2e9af29fa5cd99fb1a8f19d0be,flood cleanup,60,,,0.0,0.0,1.0,True,True,0,True
ed83b0f1152a343a59c99b1250e16a466b489b2e9af29fa5cd99fb1a8f19d0be,flood insurance,60,,,0.0,0.0,1.0,True,True,0,True
ed83b0f1152a343a59c99b1250e16a466b489b2e9af29fa5cd99fb1a8f19d0be,water removal,60,,,0.0,0.0,1.0,True,True,0,True
ed83b0f1152a343a59c99b1250e16a466b489b2e9af29fa5cd99fb1a8f19d0be,weather,60,0.9976227190843765,0.994883330667234,0.9,1.3662601021279464,1.0,True,True,0,True
ee9267704017df65d654aedb966834ac88fc2900bd768043105ba7e579e0eed8,outage,60,0.9986281524003473,0.9764080162357077,0.3,0.5477225575051661,0.9666666666666667,False,True,0,False
ee9267704017df65d654aedb966834ac88fc2900bd768043105ba7e579e0eed8,road closed,60,,,0.0,0.0,1.0,True,True,0,True
ee9267704017df65d654aedb966834ac88fc2900bd768043105ba7e579e0eed8,school closed,60,,,0.0,0.0,1.0,True,True,0,True
ee9267704017df65d654aedb966834ac88fc2900bd768043105ba7e579e0eed8,traffic,60,0.8272083833495606,0.7752315667955308,0.26666666666666666,0.5163977794943222,1.0,True,True,0,True
ee9267704017df65d654aedb966834ac88fc2900bd768043105ba7e579e0eed8,weather,60,0.9983801113420737,0.9961285666078555,0.4,0.6831300510639732,1.0,True,True,0,True
f16ed04d87f5df83fb43650823a60b12745d44f6d67c5f6d49a932e605ff8d39,flash flood,60,0.9999999999999999,1.0,0.0,0.0,1.0,True,True,0,True
f16ed04d87f5df83fb43650823a60b12745d44f6d67c5f6d49a932e605ff8d39,flood,60,0.9976254800375425,0.9723769595991814,0.016666666666666666,0.12909944487358055,1.0,True,True,0,True
f16ed04d87f5df83fb43650823a60b12745d44f6d67c5f6d49a932e605ff8d39,flooding,60,0.9867140334409719,0.9963783134496322,0.016666666666666666,0.12909944487358055,1.0,True,True,0,True
f16ed04d87f5df83fb43650823a60b12745d44f6d67c5f6d49a932e605ff8d39,heavy rain,60,,,0.0,0.0,1.0,True,True,0,True
f16ed04d87f5df83fb43650823a60b12745d44f6d67c5f6d49a932e605ff8d39,weather,60,0.9971816312088955,0.9866262706438017,1.1666666666666667,1.7795130420052185,1.0,True,True,0,True
f307d7ee2d3532c86013053ac9f9f9b165ce142a9e37b3ebce83bdc526366f4b,cleanup,60,-0.04260143228423049,-0.0426014322842305,0.08333333333333333,0.28867513459481287,0.9166666666666666,True,False,32,False
f307d7ee2d3532c86013053ac9f9f9b165ce142a9e37b3ebce83bdc526366f4b,insurance,60,0.9924522911059422,0.9890786281921684,0.3333333333333333,0.6055300708194983,1.0,False,False,29,True
f307d7ee2d3532c86013053ac9f9f9b165ce142a9e37b3ebce83bdc526366f4b,mold,60,0.5907292423225368,0.5921971591022173,0.2833333333333333,0.5322906474223771,1.0,False,False,31,True
f307d7ee2d3532c86013053ac9f9f9b165ce142a9e37b3ebce83bdc526366f4b,water damage,60,,,0.016666666666666666,0.12909944487358055,0.9833333333333333,False,False,24,False
f307d7ee2d3532c86013053ac9f9f9b165ce142a9e37b3ebce83bdc526366f4b,weather,60,0.9992796720816411,0.9984000702582666,0.48333333333333334,0.7187952884282609,1.0,True,False,35,True
f7c963c3c49be38bb418152bfdc20b3181df92e7bd3be9f3f79f8ab7c3579fb9,FEMA,60,0.9895661566052283,0.9860781066696818,0.1,0.31622776601683794,0.9833333333333333,False,True,0,False
f7c963c3c49be38bb418152bfdc20b3181df92e7bd3be9f3f79f8ab7c3579fb9,emergency,60,0.683669212787517,0.6776309271789384,0.06666666666666667,0.2581988897471611,1.0,True,True,0,True
f7c963c3c49be38bb418152bfdc20b3181df92e7bd3be9f3f79f8ab7c3579fb9,evacuation,60,0.9999999999999999,1.0,0.0,0.0,1.0,True,True,0,True
f7c963c3c49be38bb418152bfdc20b3181df92e7bd3be9f3f79f8ab7c3579fb9,shelter,60,,,0.0,0.0,1.0,True,True,0,True
f7c963c3c49be38bb418152bfdc20b3181df92e7bd3be9f3f79f8ab7c3579fb9,weather,60,0.9976227190843765,0.994883330667234,0.9,1.3662601021279464,1.0,True,True,0,True
f86f59b2ad807d5b469c7bdef40757aec959ab8c5df033062cec2c6fcb84008f,FEMA,60,,,0.0,0.0,1.0,True,True,0,True
f86f59b2ad807d5b469c7bdef40757aec959ab8c5df033062cec2c6fcb84008f,emergency,60,0.7131616286645747,0.7131616286645746,0.16666666666666666,0.408248290463863,1.0,True,True,0,True
f86f59b2ad807d5b469c7bdef40757aec959ab8c5df033062cec2c6fcb84008f,evacuation,60,,,0.016666666666666666,0.12909944487358055,0.9833333333333333,False,False,44,False
f86f59b2ad807d5b469c7bdef40757aec959ab8c5df033062cec2c6fcb84008f,shelter,60,0.7453559924999298,0.74535599249993,0.06666666666666667,0.2581988897471611,0.9333333333333333,True,True,0,False
f86f59b2ad807d5b469c7bdef40757aec959ab8c5df033062cec2c6fcb84008f,weather,60,0.9948883105818725,0.9985931547878127,1.4,1.9578900207451218,1.0,True,True,0,True
f96cb2fca0b5f5f59121ea48e59efc7d25db37dd5d67316d786a8c9d2583eecc,flash flood,60,1.0000000000000002,1.0,0.0,0.0,1.0,True,True,0,True
f96cb2fca0b5f5f59121ea48e59efc7d25db37dd5d67316d786a8c9d2583eecc,flood,60,0.9045340337332909,0.9045340337332908,0.016666666666666666,0.12909944487358055,0.9833333333333333,True,False,3,False
f96cb2fca0b5f5f59121ea48e59efc7d25db37dd5d67316d786a8c9d2583eecc,flooding,60,,,0.0,0.0,1.0,True,True,0,True
f96cb2fca0b5f5f59121ea48e59efc7d25db37dd5d67316d786a8c9d2583eecc,heavy rain,60,,,0.0,0.0,1.0,True,True,0,True
f96cb2fca0b5f5f59121ea48e59efc7d25db37dd5d67316d786a8c9d2583eecc,weather,60,0.993748258019029,0.9851679881716706,1.4833333333333334,1.8929694486000912,1.0,True,True,0,True
fad0e8b386998c6f5be48502bc45587b38d831fcd6f38756c604141676288e9a,FEMA,60,0.28824296106408553,0.3946770965517698,0.1,0.3651483716701107,0.9166666666666666,False,False,40,False
fad0e8b386998c6f5be48502bc45587b38d831fcd6f38756c604141676288e9a,emergency,60,0.8492131186930367,0.7348229676198551,0.21666666666666667,0.4654746681256314,1.0,True,True,0,True
fad0e8b386998c6f5be48502bc45587b38d831fcd6f38756c604141676288e9a,evacuation,60,0.8751723492699259,0.8898952081533491,0.03333333333333333,0.18257418583505536,0.9833333333333333,False,False,4,False
fad0e8b386998c6f5be48502bc45587b38d831fcd6f38756c604141676288e9a,shelter,60,0.6981571684532006,0.712077314387096,0.21666666666666667,0.4654746681256314,0.9833333333333333,True,True,0,False
fad0e8b386998c6f5be48502bc45587b38d831fcd6f38756c604141676288e9a,weather,60,0.9991332801176876,0.9985102569490569,0.2833333333333333,0.5322906474223771,1.0,True,True,0,True
fbda4516752afe14b288639f33225087d56d624d9a9679c3853e7ef4af2bdae2,FEMA assistance,60,,,0.016666666666666666,0.12909944487358055,0.9833333333333333,False,False,9,False
fbda4516752afe14b288639f33225087d56d624d9a9679c3853e7ef4af2bdae2,flood cleanup,60,,,0.0,0.0,1.0,True,True,0,True
fbda4516752afe14b288639f33225087d56d624d9a9679c3853e7ef4af2bdae2,flood insurance,60,,,0.016666666666666666,0.12909944487358055,0.9833333333333333,False,False,28,False
fbda4516752afe14b288639f33225087d56d624d9a9679c3853e7ef4af2bdae2,water removal,60,,,0.0,0.0,1.0,True,True,0,True
fbda4516752afe14b288639f33225087d56d624d9a9679c3853e7ef4af2bdae2,weather,60,0.9984435495814769,0.9972455626807909,0.7166666666666667,1.118033988749895,1.0,True,True,0,True
fde1f841de16138c95390a4e0d242236dd49ef7add0ec14385baa6711e8225fe,FEMA assistance,60,,,0.0,0.0,1.0,True,True,0,True
fde1f841de16138c95390a4e0d242236dd49ef7add0ec14385baa6711e8225fe,flood cleanup,60,,,0.0,0.0,1.0,True,True,0,True
fde1f841de16138c95390a4e0d242236dd49ef7add0ec14385baa6711e8225fe,flood insurance,60,,,0.0,0.0,1.0,True,True,0,True
fde1f841de16138c95390a4e0d242236dd49ef7add0ec14385baa6711e8225fe,water removal,60,,,0.0,0.0,1.0,True,True,0,True
fde1f841de16138c95390a4e0d242236dd49ef7add0ec14385baa6711e8225fe,weather,60,0.9992990425298819,0.9956207050609004,0.5333333333333333,0.8563488385776752,1.0,True,True,0,True
fedf5804cd04c1da28f08effb4a58d7d9a284fb16f652911c0e2e791da82a423,outage,60,0.9424949751995272,0.7587377774507935,0.31666666666666665,0.6191391873668903,0.8833333333333333,True,True,0,False
fedf5804cd04c1da28f08effb4a58d7d9a284fb16f652911c0e2e791da82a423,road closed,60,,,0.0,0.0,1.0,True,True,0,True
fedf5804cd04c1da28f08effb4a58d7d9a284fb16f652911c0e2e791da82a423,school closed,60,,,0.0,0.0,1.0,True,True,0,True
fedf5804cd04c1da28f08effb4a58d7d9a284fb16f652911c0e2e791da82a423,traffic,60,0.693657447731421,0.7042698040438875,0.3333333333333333,0.6055300708194983,0.9,True,False,10,False
fedf5804cd04c1da28f08effb4a58d7d9a284fb16f652911c0e2e791da82a423,weather,60,0.9992796720816411,0.9984000702582666,0.48333333333333334,0.7187952884282609,1.0,True,False,35,True
fffc5f20b56686dd0faad630546ae5dbfde703d2fc0c44b86922da9555e6f5c6,flash flood,60,,,0.0,0.0,1.0,True,True,0,True
fffc5f20b56686dd0faad630546ae5dbfde703d2fc0c44b86922da9555e6f5c6,flood,60,0.8094272134003794,0.8094272134003795,0.016666666666666666,0.12909944487358055,0.9833333333333333,True,True,0,False
fffc5f20b56686dd0faad630546ae5dbfde703d2fc0c44b86922da9555e6f5c6,flooding,60,0.9999999999999999,1.0,0.0,0.0,1.0,True,True,0,True
fffc5f20b56686dd0faad630546ae5dbfde703d2fc0c44b86922da9555e6f5c6,heavy rain,60,,,0.0,0.0,1.0,True,True,0,True
fffc5f20b56686dd0faad630546ae5dbfde703d2fc0c44b86922da9555e6f5c6,weather,60,0.9931059128295301,0.9783157637657878,1.0666666666666667,1.66332999331662,1.0,True,True,0,True
